id,nome,nascimento,falecimento,nacionalidade,naturalidade,altura,peso,posicao,pe_preferido,aposentado
1,Renato Acasio de Morais,1947-03-01,,Brasil,Caruaru (PE),0,0,Goleiro,,1
2,Roberto Pinto da Luz,1953-06-19,,Brasil,Salvador (BA),0,0,Defensor,,1
3,Ismael Moreira Braga,1945-05-18,,Brasil,Rio de Janeiro (RJ),0,0,Defensor (Lateral Direito),Destro,1
4,Eronildes de Souza,1945-04-11,,Brasil,Santo Amaro da Purificação (BA),0,0,Defensor (Zagueiro),,1
5,José Otto Pinto Guimarães,1940-01-00,,Brasil,,0,0,Defensor,,1
6,Eliseu Antonio Vinagre Ferreira de Godoy,1945-10-17,,Brasil,Santos,0,0,Meia (Meia Ofensivo),Destro,1
7,Leonardo Augusto Caldeira,1946-09-15,Falecido - 2019-09-24 (73 anos),Brasil,,0,0,Atacante (Ponta Esquerda),Destro,1
8,João Carlos Rodrigues Barreto Amorim,1940-11-07,,Brasil,,0,0,Meia,,1
9,Edvaldo dos Santos,1949-07-07,,Brasil,São Francisco do Conde (BA),0,0,Meia,,1
10,Carlos Alberto Gonçalves,1939-11-10,Falecido - 2005-03-09 (65 anos),Brasil,Salvador (BA),0,0,Atacante,,1
11,Ademir de Oliveira,1950-01-23,,Brasil,Salvador (BA),0,0,Atacante,,1
12,Ibraim Carlos Novoa dos Santos,1950-01-14,Falecido - 2008-10-08 (58 anos),Brasil,Santos (SP),0,0,Meia (Meia Ofensivo),,1
13,Emerson Marçal,1944-10-11,,Brasil,Lucelia (SP),0,0,Defensor (Zagueiro),,1
14,José Manuel Ramos Delgado,1935-08-26,Falecido - 2010-12-03 (75 anos),Argentina,Quilmes,181,78,Defensor,,1
15,Luiz Paes Leme,1945-01-24,,Brasil,,0,0,Defensor,,1
16,Orlando Pereira,1949-01-22,Falecido - 1999-09-04 (50 anos),Brasil,Santos,0,0,Defensor (Lateral Direito),,1
17,Oscar Sales Bueno Filho,1947-07-13,,Brasil,Campinas (SP),0,0,Meia (Meia Ofensivo),Destro,1
18,Clodoaldo Tavares Santana,1949-09-25,,Brasil,Aracaju (SE),174,69,Meia (Volante) / Meia (Meia Ofensivo),Destro,1
19,Jáder da Silva Gonçalves,1950-07-14,Falecido - 1999-03-17 (48 anos),Brasil,Arroio Grande (RS),0,0,Atacante (Ponta Direita),Destro,1
20,Edson Arantes do Nascimento,1940-10-23,Falecido - 2022-12-29 (82 anos),Brasil,Três Corações (MG),173,66,Atacante (2º Atacante),Ambidestro,1
21,Alvimar Eustáquio de Oliveira,1948-02-20,,Brasil,Belo Horizonte (MG),0,0,Atacante (Centroavante),,1
22,Jonas Eduardo Américo,1949-08-06,,Brasil,Campinas - SP,0,0,Atacante,Canhoto,1
23,Adilson Ribeiro da Silva,1948-04-16,Falecido - 2022-10-07 (74 anos),Brasil,Rio de Janeiro (RJ),0,0,Atacante,,1
24,David Benedito Magalhaes,1944-06-14,,Brasil,Campinas (SP),169,66,Atacante,,1
25,Renato Cunha Valle,1944-12-05,,Brasil,Rio de Janeiro,180,72,Goleiro,Destro,1
26,José Maria Penna,1948-12-27,Falecido,Brasil,São Bernardo do Campo (SP),0,0,Defensor (Lateral Direito),,1
27,Vantuir Galdino Ramos,1949-11-16,,Brasil,Belo Horizonte (MG),181,78,Defensor (Zagueiro),Destro,1
28,Oldair Barchi,1939-07-01,Falecido - 2014-10-31 (75 anos),Brasil,São Paulo (SP),173,73,Defensor (Lateral Esquerdo),,1
29,Onormandes Souza Lima,1945-09-11,,Brasil,,0,0,Defensor,,1
30,Humberto da Silva Ramos,1949-08-25,,Brasil,Belo Horizonte (MG),173,68,Meia (Meia Central),Canhoto,1
31,Wanderley Paiva Monteiro,1946-04-07,Falecido - 2023-11-27 (77 anos),Brasil,Três Corações (MG),176,0,Meia (Volante),,1
32,Raimundo José Correa,1950-01-02,,Brasil,Iguatama (MG),0,0,Meia,Canhoto,1
33,Ronaldo Gonçalves Drummond,1946-08-21,Falecido - 2020-06-09 (73 anos),Brasil,Belo Horizonte (MG),175,69,Atacante (Ponta Direita),Destro,1
34,Dario José dos Santos,1946-03-04,,Brasil,Rio de Janeiro (RJ),185,75,Atacante (Centroavante),Destro,1
35,Sebastião Rocha,1941-09-14,Falecido - 1984-04-12 (42 anos),Brasil,Rio de Janeiro (RJ),170,60,Atacante,,1
36,Antônio Carlos Venceslau,1942-02-06,,Brasil,Uberlândia (MG),0,0,Goleiro,,1
37,Osvaldo Domingues da Cunha,1943-04-22,Falecido - 2024-02-27 (80 anos),Brasil,Pedreira (SP),0,0,Defensor (Lateral Direito),Destro,1
38,Cláudio Antônio do Nascimento,1952-07-18,,Brasil,Belo Horizonte (MG),0,0,Defensor (Lateral Esquerdo) (Lateral Direito),Canhoto,1
39,Mihajlo Schingiriy,1946-02-12,,Alemanha,Frankfurt,0,0,Defensor,,1
40,Vander Martins,1945-05-05,,Brasil,,0,0,Defensor,,1
41,Amauri Alves Horta,1942-08-21,,Brasil,,0,0,Meia,,1
42,Dirceu Alves Ferreira,1944-08-16,,Brasil,Araxá (MG),0,0,Meia (Volante),,1
43,Pedro Omar Machado,1948-06-09,,Brasil,Castelo (ES),0,0,Meia (Volante),,1
44,Jair Félix da Silva,1943-05-10,Falecido - 2022-12-27 (79 anos),Brasil,,0,0,Atacante (Centroavante),,1
45,Hélio dos Santos,1942-12-13,,Brasil,,0,0,Meia,,1
46,Hilton José de Oliveira,1940-09-30,Falecido - 2006-03-03 (65 anos),Brasil,Belo Horizonte,0,0,Atacante,,1
47,Augusto Clemente Neto,1947-10-22,,Brasil,Juiz de Fora (MG),0,0,Meia (Volante),,1
48,Jurandir Dario Gouveia Damasceno dos Santos,1944-04-05,Falecido - 2021-10-09 (77 anos),Brasil,Paracatu (MG),0,0,Atacante (Ponta Direita),Canhoto,1
49,Ubirajara Gonçalves Motta,1936-04-04,Falecido,Brasil,"Rio de Janeiro, RJ",174,0,Goleiro,,1
50,Waltencir Pereira Senra,1946-11-11,Falecido - 1978-09-17 (31 anos),Brasil,Juiz de Fora (MG),190,0,Defensor (Lateral Direito) / Defensor (Zagueiro),Destro,1
51,Jorge Osmar Guarnelli,1952-02-18,,Brasil,Rio de Janeiro (RJ),186,77,Defensor (Zagueiro),,1
52,Hércules Brito Ruas,1939-08-09,,Brasil,Rio de Janeiro (RJ),182,81,Defensor (Zagueiro),Destro,1
53,Maurício Pereira Barros,1944-02-04,,Brasil,,0,0,Defensor (Lateral Direito),,1
54,Roberto Lopes Miranda,1944-07-31,,Brasil,São Gonçalo (RJ),172,68,Atacante (Centroavante),Destro,1
55,Nei da Conceição Moreira,1946-12-08,,Brasil,São João de Meriti (RJ),0,0,Meia,,1
56,Carlos Roberto de Carvalho,1948-05-10,,Brasil,Rio de Janeiro (RJ),0,0,Meia,,1
57,Walter Machado Silva,1940-01-02,Falecido - 2020-09-29 (80 anos),Brasil,Ribeirão Preto (SP),173,72,Atacante (Centroavante),Destro,1
58,Paulo César Lima,1949-06-16,,Brasil,Rio de Janeiro (RJ),175,75,Atacante (Ponta Esquerda) / Meia (Meia Esquerda),Canhoto,1
59,José Márcio Pereira da Silva,1948-11-17,,Brasil,Leopoldina (MG),173,0,Atacante (Ponta Direita),Canhoto,1
60,Alberto Silveira,1937-12-22,Falecido - 2012-01-16 (74 anos),Brasil,,0,0,Goleiro,,1
61,Dejair Barbosa,1943-04-29,,Brasil,Bage (RS),0,0,Defensor (Lateral Direito),,1
62,José Carlos Pereira,1947-08-09,,Brasil,São Gonçalo (RJ),0,0,Defensor (Lateral Esquerdo) / Meia (Volante),Canhoto,1
63,Aldeci Ramos Teixeira,1946-11-05,,Brasil,Campos dos Goytacazes (RJ),0,0,Defensor (Zagueiro),,1
64,Sebastião Carlos da Silva,1946-07-09,,Brasil,Rio de Janeiro (RJ),0,0,Defensor (Zagueiro),,1
65,Ivan Manoel de Oliveira,1945-03-15,,Brasil,Joinville,0,0,Meia (Volante),,1
66,Gilberto Nogueira Ramos,1948-07-21,,Brasil,Porto Alegre (RS),0,0,Meia,,1
67,Antônio Carlos Alves Carneiro,1949-04-28,,Brasil,Rio de Janeiro (RJ),164,62,Meia,,1
68,Eduardo Antunes Coimbra,1947-02-05,,Brasil,Rio de Janeiro,0,0,Meia,,1
69,José Tarciso de Souza,1951-09-15,Falecido - 2018-12-05 (67 anos),Brasil,São Geraldo (MG),177,72,Atacante (Ponta Direita) / Atacante (Centroavante),Destro,1
70,Sérgio da Silva Lima,1952-03-27,,Brasil,Rio de Janeiro (RJ),0,0,Atacante,,1
71,Luiz Cláudio,1946-04-17,,Brasil,Itabirito (MG),0,0,Defensor (Lateral Direito),Destro,1
72,Roberto Carlos Lourenço da Silva,1951-09-16,,Brasil,,0,0,Atacante,,1
73,Jorge Aparecido Bonfim,1949-11-11,,Brasil,Rio de Janeiro (RJ),0,0,Atacante,,1
74,Gilberto Geraldo de Moraes,1943-01-14,,Brasil,,0,0,Goleiro,,1
75,Antonino Tavares,1944-05-10,,Brasil,Natal (RN),0,0,Defensor,,1
76,Rivaldo Cavalcanti Silva,1947-08-15,,Brasil,Recife (PE),0,0,Defensor (Zagueiro),,1
77,José Paes Cabral,1948-01-01,,Brasil,Recife (PE),0,0,Defensor (Zagueiro) / Defensor (Lateral Esquerdo),Canhoto,1
78,Genival Costa de Barros Lima,1943-05-11,,Brasil,Recife (PE),0,0,Defensor,,1
79,Walter da Silva Lessa,1941-09-26,,Brasil,Rio de Janeiro (RJ),0,0,Meia,,1
80,Luciano Jorge Veloso,1948-09-13,,Brasil,Pesqueira (PE),0,0,Meia,,1
81,Givanildo José de Oliveira,1948-08-08,,Brasil,Olinda (PE),0,0,Meia,,1
82,Ramon da Silva Ramos,1950-03-12,,Brasil,Sirinhaém (PE),0,0,Atacante (Centroavante) / Atacante (Ponta Esquerda),Canhoto,1
83,João José Venceslau dos Santos,1947-10-13,,Brasil,,0,0,Atacante,,1
84,Fernando José de Santana,1947-12-25,,Brasil,,0,0,Atacante,,1
85,Eduardo Roberto Stinghen,1946-07-04,,Brasil,Jaragua do Sul (SC),186,86,Goleiro,Destro,1
86,Luís Carlos Galter,1947-10-17,Falecido - 2025-03-07 (77 anos),Brasil,São Paulo,0,0,Defensor (Zagueiro),,1
87,Pedro José Nepomuceno Cunha,1945-12-10,,Brasil,Realengo - Rio de Janeiro,0,0,Defensor (Lateral Esquerdo) / Defensor (Zagueiro),,1
88,José Guilherme Baldochi,1946-03-14,,Brasil,Batatais,189,0,Defensor (Zagueiro),Destro,1
89,Deoclécio Manoel de Miranda,1947-09-08,Falecido - 2022-07-25 (74 anos),Brasil,,0,0,Defensor (Lateral Direito),Destro,1
90,Sebastião Carlos da Silva,1948-09-16,,Brasil,Santa Leopoldina (ES),0,0,Meia (Volante),Destro,1
91,Roberto Rivellino,1946-01-01,,Brasil,São Paulo (SP),173,73,Meia (Meia Ofensivo) / Atacante (Ponta Esquerda),Canhoto,1
92,Adão Ambrósio,1951-10-17,Falecido - 2011-06-12 (59 anos),Brasil,São Paulo (SP),0,0,Meia (Meia Esquerda),Destro,1
93,Wagno De Freitas,1950-02-11,,Brasil,Sete Lagoas (MG),0,0,Atacante (Ponta Direita),Destro,1
94,Sebastião Miranda da Silva Filho,1952-02-26,,Brasil,Bebedouro (SP),179,75,Atacante (Centroavante),,1
95,Aladim Luciano,1946-10-10,,Brasil,Barra Mansa (RJ),171,69,Atacante (Ponta Esquerda),Canhoto,1
96,Lourival Prudêncio Carvalho,1945-01-31,,Brasil,Barretos (SP),0,0,Meia (Volante),,1
97,Eidnilson José Torres Alves,1943-09-04,,Brasil,Recife (PE),0,0,Meia,Destro,1
98,Juan Miguel Pérez,1938-07-05,Falecido - 2014-12-09 (76 anos),Paraguai,,0,0,Goleiro,,1
99,Walter Oliveira das Neves,1941-09-17,,Brasil,São Paulo (SP),0,0,Defensor (Lateral Direito),,1
100,Altair Gomes de Figueiredo,1938-01-22,Falecido - 2019-08-09 (81 anos),Brasil,Niterói (RJ),173,59,Defensor (Lateral Esquerdo) / Defensor (Zagueiro),Canhoto,1
101,Milton Bezerra das Chagas Filho,1952-10-09,,Brasil,Carnaíba,182,78,Defensor (Zagueiro) / Meia (Volante),,1
102,Antonio de Arruda Fraga,1945-11-15,Falecido - 2008-09-10 (62 anos),Brasil,,0,0,Defensor (Zagueiro),,1
103,Gilson dos Santos Costa,1943-06-21,,Brasil,Recife (PE),0,0,Defensor (Zagueiro),,1
104,Erico de Paula Coelho Filho,1944-09-08,Falecido - 2014-10-28 (70 anos),Brasil,Jaboatão dos Guararapes (PE),0,0,Meia (Volante) (Meia Central),,1
105,Carlos Cidreira,1943-09-26,,Brasil,,0,0,Meia,,1
106,César Correia Rebelo,1944-02-21,,Brasil,Parnaíba (PE),0,0,Atacante,,1
107,Denis D´Ugo,1948-04-24,,Brasil,,0,0,Atacante,Destro,1
108,José Francisco Leandro Filho,1947-08-04,Falecido - 2021-07-11 (73 anos),Brasil,Maceió,0,0,Atacante (Ponta Direita) / Atacante (Centroavante),Destro,1
109,Ubirajara da Silva Alcântara,1946-02-27,,Brasil,Rio de Janeiro (RJ),0,0,Goleiro,Destro,1
110,Frederico Rodrigues de Oliveira,1949-04-04,Falecido - 2022-05-29 (73 anos),Brasil,Rio de Janeiro,179,78,Defensor,Ambidestro,1
111,Paulo Murilo Frederico Ferreira,1939-04-30,,Brasil,,0,0,Defensor (Lateral Direito),Destro,1
112,José Jorge Fabiano,1948-09-25,,Brasil,Cachoeiro do Itapemirim (ES),0,0,Defensor (Lateral Esquerdo),Canhoto,1
113,José Rodrigues Neto,1949-12-06,Falecido - 2019-04-29 (69 anos),Brasil,Galileia (MG),168,67,Meia (Meia Ofensivo) / Defensor (Lateral Esquerdo),Canhoto,1
114,Francisco Santiago Reyes Villalba,1941-07-04,Falecido - 1976-07-31 (35 anos),Paraguai,Asunción,175,72,Meia (Zagueiro) / Meia (Volante),Canhoto,1
115,José Eduardo de Castro,1948-10-29,,Brasil,Salvador (BA),180,72,Meia (Meia Ofensivo) / Atacante (Centroavante),,1
116,Arthur Antunes Coimbra,1953-03-03,,Brasil,Rio de Janeiro (RJ),172,65,Meia (Meia Ofensivo),Destro,1
117,João Crevelin,1944-06-15,Falecido - 2013-11-01 (69 anos),Brasil,,0,0,Meia,Canhoto,1
118,Rogério Hetmanek,1948-08-02,,Brasil,Rio de Janeiro (RJ),0,0,Atacante (Ponta Direita),Destro,1
119,João Batista de Sales,1945-01-19,,Brasil,Conselheiro Pena (MG),0,0,Atacante (Centroavante),,1
120,Newton Gomes da Silva,1951-12-25,,Brasil,Recife (PE),0,0,Defensor (Lateral Direito),,1
121,Draílton José Lopes,1949-09-18,,Brasil,Recife (PE),0,0,Meia (Volante),,1
122,Francisco de Jesus Fernandes,1946-08-21,Falecido - 2010-04-14 (63 anos),Brasil,Rio de Janeiro (RJ),0,0,Defensor (Zagueiro),Destro,1
123,João Bosco dos Santos,1946-01-31,,Brasil,Vespasiano (MG),168,69,Atacante (Ponta Direita) / Meia (Meia Direita),Destro,1
124,Sérgio Vágner Valentim,1945-05-22,,Brasil,Chavantes (SP),0,0,Goleiro,,1
125,Édson de Souza Barbosa,1943-06-20,Falecido - 2015-07-17 (72 anos),Brasil,Rio de Janeiro-RJ,0,0,Meia (Volante) / Defensor (Lateral Esquerdo),,1
126,Jurandir de Freitas,1940-11-12,Falecido - 1996-03-06 (55 anos),Brasil,Marília (SP),190,87,Defensor (Zagueiro),Destro,1
127,Gilberto Ferreira da Silva,1951-09-18,,Brasil,São Paulo (SP),0,0,Defensor (Lateral Esquerdo),Canhoto,1
128,Valdir Izaú Pereira,1941-10-18,Falecido - 1996-03-12 (54 anos),Brasil,Criciúma-SC,0,0,Defensor (Lateral Esquerdo),Canhoto,1
129,Paulo Nani da Silva,1950-02-08,,Brasil,São Paulo (SP),0,0,Meia (Meia Direita) / Atacante (Ponta Direita),Destro,1
130,Gérson de Oliveira Nunes,1941-01-11,,Brasil,Niterói (RJ),172,69,Meia (Meia Central) / Meia (Meia Ofensivo),Canhoto,1
131,Pedro Virgílio Rocha Franchetti,1942-12-03,Falecido - 2013-12-02 (70 anos),Uruguai,Salto,181,78,Meia (Meia Ofensivo),Destro,1
132,Tertuliano Severiano dos Santos,1946-12-29,Falecido - 2024-04-09 (77 anos),Brasil,Recife (PE),0,0,Atacante (Ponta Direita),Destro,1
133,Antônio Zelenkov Silvestre,1949-04-29,,Brasil,Regente Feijó (SP),0,0,Atacante (Centroavante),Destro,1
134,Ademir de Barros,1942-03-21,,Brasil,Cambará (PR),173,71,Atacante (Ponta Esquerda),Canhoto,1
135,Jair Eraldo dos Santos,1946-08-15,,Brasil,Novo Hamburgo (RS),172,0,Goleiro,,1
136,Valdir Ataualpa Ramires Espinosa,1947-10-17,Falecido - 2020-02-27 (72 anos),Brasil,Porto Alegre (RS),0,0,Defensor (Lateral Direito),Destro,1
137,Ari Ercílio Barbosa,1941-08-18,Falecido - 1972-11-18 (31 anos),Brasil,Porto Alegre (RS),0,0,Defensor (Zagueiro),Canhoto,1
138,Mauro Pinto,1948-02-26,,Brasil,Rio Pardo,0,0,Defensor,Canhoto,1
139,Everaldo Marques da Silva,1944-09-11,Falecido - 1974-10-27 (30 anos),Brasil,Porto Alegre (RS),171,68,Defensor (Lateral Esquerdo) / Meia (Meia Esquerda),Canhoto,1
140,Jadir Garcia Rodrigues,1940-07-21,Falecido - 1992-12-04 (52 anos),Brasil,Santana do Livramento (RS),0,0,Meia,Destro,1
141,Luiz Carlos Fioravante Goulart,1946-06-21,Falecido - 2013-07-30 (67 anos),Brasil,Porto Alegre (RS),0,0,Meia,,1
142,Vitorino Lopes Garcia,1948-11-01,Falecido,Brasil,Pelotas (RS),0,0,Meia,,1
143,Loivo Ivan Johann,1945-01-24,,Brasil,Brochier (RS),0,0,Atacante (Ponta Esquerda),Canhoto,1
144,Néstor Leonel Scotta,1948-04-07,Falecido - 2001-00-08 (52 anos),Argentina,San Justo,0,0,Atacante,Ambidestro,1
145,Gilberto Alves de Souza,1946-12-31,Falecido - 2022-02-23 (75 anos),Brasil,Porto Alegre,0,0,Atacante (Ponta Direita),Destro,1
146,Pablo Justo Forlán Lamarque,1945-07-14,,Uruguai,Soriano,185,79,Defensor (Lateral Direito),Destro,1
147,Everaldo Ferreira Lima,1949-06-11,Falecido - 2001-01-20 (51 anos),Brasil,Catende (PE),0,0,Atacante (Ponta Direita),Destro,1
148,Francisco de Jesus Fernandes,1946-08-21,Falecido - 2010-04-14 (63 anos),Brasil,Rio de Janeiro (RJ),0,0,Defensor (Zagueiro),Destro,1
149,Carlos Manuel Rodríguez,1944-01-31,,Argentina,Buenos Aires,0,0,Meia (Volante),,1
150,Carlos Gainete Filho,1940-11-25,,Brasil,Florianópolis,0,0,Goleiro,,1
151,Manuel Édson Ferreira,1944-05-29,,Brasil,Rio de Janeiro (RJ),0,0,Defensor (Zagueiro),Destro,1
152,Hermes Rianelli,1942-10-20,Falecido - 1988-09-12 (45 anos),Brasil,,0,0,Defensor (Zagueiro),,1
153,Bibiano Pontes,1947-06-11,,Brasil,,0,0,Defensor (Zagueiro),,1
154,Jorge Antonio Sundin de Andrade,1942-04-23,Falecido - 2015-10-07 (73 anos),Brasil,Porto Alegre,0,0,Defensor (Lateral Esquerdo),,1
155,José Luiz Carbone,1946-03-22,Falecido - 2020-12-27 (74 anos),Brasil,São Paulo (SP),0,0,Meia (Volante),,1
156,Bráulio Barbosa de Lima,1948-08-04,,Brasil,Porto Alegre (RS),174,67,Meia,,1
157,Tovar Romariz Machado,1948-07-27,,Brasil,Bagé-RS,0,0,Meia,,1
158,Valdomiro Vaz Franco,1946-02-17,,Brasil,Criciúma (SC),176,70,Atacante (Ponta Direita),Destro,1
159,Land de Souza Franca,1946-06-15,,Brasil,,0,0,Atacante,,1
160,Claudiomiro Estrais Ferreira,1950-04-03,Falecido - 2018-08-24 (68 anos),Brasil,Porto Alegre (RS),170,76,Atacante (Centroavante),,1
161,Jorge Vitório Cusielo,1945-05-07,,Brasil,Volta Redonda,0,0,Goleiro,,1
162,Antônio Dias dos Santos,1948-07-26,Falecido - 1999-12-08 (51 anos),Brasil,Vera Cruz (BA),176,63,Defensor (Lateral Direito) / Atacante (Ponta Direita),Destro,1
163,Raimundo Evandro da Silva Oliveira,1944-03-04,Falecido - 2000-01-12 (55 anos),Brasil,Belém (PA),0,0,Defensor (Lateral Direito),Destro,1
164,Sildes de Souza Póvoas,1946-07-02,,Brasil,Itaguaí (RJ),0,0,Defensor (Zagueiro),,1
165,Francisco de Assis Luz e Silva,1943-10-04,Falecido - 2020-09-09 (76 anos),Brasil,Ananindeua (PA),0,0,Defensor (Lateral Esquerdo),,1
166,Ivair Ferreira,1945-01-27,Falecido - 2024-08-15 (79 anos),Brasil,Bauru (SP),0,0,Meia,Destro,1
167,Wilton Cezar Xavier,1947-10-13,Falecido - 2009-12-12 (62 anos),Brasil,Belo Horizonte (MG),0,0,Meia (Meia Ofensivo) / Atacante (Ponta Direita),Destro,1
168,Denilson Custodio Machado,1943-03-28,Falecido - 2024-10-01 (81 anos),Brasil,Campos dos Goytacazes (RJ),180,75,Meia (Meia Ofensivo) / Meia (Meia Central),Destro,1
169,Adir Cid Rodrigues,1950-08-27,,Brasil,Campos (RJ),0,0,Meia,,1
170,Luís Ribeiro Pinto Neto,1946-11-16,Falecido - 2022-02-11 (75 anos),Brasil,Arcoverde (PE),170,0,Atacante (Ponta Esquerda),,1
171,Cláudio Galbo Garcia,1943-09-10,,Brasil,,0,0,Atacante,,1
172,Oldorelino Nunes Leal,1946-06-25,,Brasil,,0,0,Meia (Meia Esquerda),Canhoto,1
173,Adalberto Kretzer,1948-03-19,Falecido - 2024-08-24 (76 anos),Brasil,Presidente Getúlio (SC),181,0,Atacante (Centroavante),,1
174,Emerson Leão,1949-07-11,,Brasil,Ribeirão Preto (SP),182,0,Goleiro,Destro,1
175,Nélson Alves Moreno,1940-03-07,Falecido - 2004-09-22 (64 anos),Brasil,São Paulo (SP),0,0,Defensor (Zagueiro),,1
176,Luis Edmundo Pereira,1949-06-21,,Brasil,Juazeiro (BA),181,0,Defensor (Zagueiro),Destro,1
177,Eurico Pedro de Faria,1948-04-03,,Brasil,Uberlândia (MG),0,0,Defensor (Lateral Direito),Destro,1
178,Ademar José Ribeiro,1940-02-18,Falecido - 1992-04-12 (52 anos),Brasil,Guariba (SP),0,0,Defensor,,1
179,Olegário Tolói de Oliveira,1939-11-07,Falecido - 2024-06-28 (84 anos),Brasil,Araraquara (SP),172,63,Meia (Volante),,1
180,Ademir da Guia,1942-04-03,,Brasil,Rio de Janeiro (RJ),180,74,Meia (Meia Ofensivo),Ambidestro,1
181,César Augusto da Silva Lemos,1945-05-17,,Brasil,Niterói (RJ),179,73,Atacante (Centroavante),Destro,1
182,Osmar Alberto Volpe,1944-11-15,,Brasil,Araraquara,0,0,Atacante,,1
183,João Leiva Campos Filho,1949-09-11,,Brasil,Novo Horizonte,175,0,Atacante (2º Atacante) / Atacante (Ponta Direita),Destro,1
184,Carlos Eduardo da Silva,1948-10-25,,Brasil,São Paulo,0,0,Atacante (Ponta Direita),Destro,1
185,Orlando Alves Ferreira,1940-07-25,Falecido - 2007-07-19 (66 anos),Brasil,Rio de Janeiro (RJ),0,0,Goleiro,,1
186,Carlos Antonio Arenghi,1951-06-13,Falecido - 1993-12-14 (42 anos),Brasil,Amparo (SP),0,0,Defensor (Zagueiro),,1
187,Antonio Calegari,1947-04-21,,Brasil,,0,0,Defensor,,1
188,Dárcio José Massaine,1953-10-18,,Brasil,,0,0,Defensor,,1
189,Wanderley Nonato,1942-04-11,Falecido - 2021-09-13 (79 anos),Brasil,,0,0,Defensor,,1
190,João Farias Filho,1940-12-11,Falecido,Brasil,Santos (SP),0,0,Meia (Meia Direita),Destro,1
191,Heitor Martinho de Souza,1942-03-03,Falecido - 2001-02-11 (58 anos),Brasil,São Franscisco do Sul (SC),0,0,Meia,,1
192,João Roberto Basílio,1949-02-04,,Brasil,São Paulo (SP),0,0,Meia,Canhoto,1
193,Dirceu Silva Melo Correia,1949-01-09,,Brasil,Porto Alegre (RS),0,0,Atacante,,1
194,Evanivaldo Castro Silva,1948-04-28,,Brasil,Salvador da Bahia,0,0,Atacante,,1
195,Eronildes de Souza,1948-09-06,,Brasil,Guaimbé (SP),0,0,Atacante,,1
196,Héctor Jesús Silva,1940-02-01,Falecido - 2015-08-30 (75 anos),Uruguai,,176,71,Atacante,,1
197,Paulo Luis Borges,1944-12-24,Falecido - 2011-12-24 (67 anos),Brasil,Itaocara (RJ),0,0,Atacante (Ponta Direita),Destro,1
198,Maximiliano Rodrigues Lopes,1951-12-27,,Brasil,Guarujá (SP),162,0,Atacante (Ponta Direita),Destro,1
199,Irineu Finavaro,1947-07-24,,Brasil,Londrina (PR),0,0,Atacante,,1
200,Pedro da Silva Cruz,1943-06-06,,Brasil,,0,0,Goleiro,,1
201,Mauro da Silva Cruz,1949-11-15,,Brasil,,0,0,Defensor (Lateral Direito) / Defensor (Zagueiro),Destro,1
202,Carlos Alberto Félix de Lima,1949-07-02,,Brasil,Juazeiro do Norte (CE),0,0,Defensor (Lateral Direito),,1
203,José Nagel de Mello,1938-07-03,,Brasil,Recife (PE),0,0,Defensor (Zagueiro),Ambidestro,1
204,Carlindo Nina Baima,1944-05-07,,Brasil,São Luís (MA),0,0,Defensor (Lateral Esquerdo),Canhoto,1
205,Edmar Oliveira Araújo,1947-11-06,,Brasil,Fortaleza (CE),0,0,Meia (Volante),Destro,1
206,Francisco Luciano Oliveira do Nascimento,1947-11-07,,Brasil,Fortaleza (CE),0,0,Meia,,1
207,José Pinto Pereira Filho,1948-12-07,,Brasil,Fortaleza (CE),0,0,Meia,,1
208,Vítor Epanor da Costa Filho,1949-09-01,,Brasil,Rio de Janeiro (RJ),0,0,Atacante (Ponta Direita),Destro,1
209,Gildo Fernandes de Oliveira,1940-01-11,Falecido - 2016-03-09 (76 anos),Brasil,Recife (PE),0,0,Atacante (Centroavante),,1
210,João Rodrigues da Costa,1947-08-17,Falecido,Brasil,Rio de Janeiro (RJ),0,0,Atacante,,1
211,Edgardo Norberto Andrada,1939-01-02,Falecido - 2019-09-04 (80 anos),Argentina,Rosário,181,72,Goleiro,,1
212,Haroldo Cid da Silva,-,,Brasil,,0,0,Defensor (Lateral Direito),Destro,1
213,Miguel Ferreira de Almeida Pereira,1949-09-20,,Brasil,Rio de Janeiro,178,72,Defensor (Zagueiro),Destro,1
214,Paulo Cesar Barreiros,1949-05-30,,Brasil,Rio de Janeiro (RJ),0,0,Defensor (Lateral Esquerdo),Canhoto,1
215,Moisés Mathias de Andrade,1948-01-10,Falecido - 2008-08-26 (60 anos),Brasil,Resende (RJ),179,76,Defensor,Canhoto,1
216,Alcir Pinto Portela Prates,1944-05-09,Falecido - 2008-08-29 (64 anos),Brasil,Rio de Janeiro (RJ),178,75,Meia (Volante),Destro,1
217,José Geraldo Felipe,1953-05-29,,Brasil,Caratinga (MG),0,0,Meia,,1
218,Afonso Celso Garcia Reis,1947-09-03,,Brasil,Marília (SP),0,0,Meia,,1
219,Jose Alberto Bougleaux,1944-07-25,,Brasil,,0,0,Meia,,1
220,José Rodrigues dos Santos,1946-07-31,Falecido - 2015-00-00 (68 anos),Brasil,Conde (BA),0,0,Atacante (Ponta Esquerda),Canhoto,1
221,Fernando Ferretti,1949-04-26,Falecido - 2011-08-29 (62 anos),Brasil,Rio de Janeiro,188,85,Atacante,,1
222,Emanuel Carrette,1948-05-24,,Brasil,,0,0,Atacante,,1
223,Domingos Elias Alves Pedra,1948-04-16,,Brasil,Paraíba do Sul (RJ),172,68,Meia / Atacante (Ponta Esquerda),Destro,1
224,Luiz Carlos da Silva Lemos,1947-08-11,,Brasil,Santo Antonio de Pádua (RJ),0,0,Atacante (Ponta Direita),Destro,1
225,Célio Maciel dos Santos,1940-01-24,Falecido - 2019-01-15 (78 anos),Brasil,Campos Novos (SC),174,72,Goleiro,,1
226,Nélson Pescuma,1945-09-27,Falecido - 2006-10-10 (61 anos),Brasil,São Paulo (SP),192,0,Defensor (Zagueiro),,1
227,Antonio Pilotto Junior,1941-07-11,,Brasil,São Paulo (SP),0,0,Defensor (Zagueiro),,1
228,Hermes da Rocha Freitas Júnior,1947-02-16,,Brasil,Santos (SP),0,0,Defensor (Lateral Direito),Destro,1
229,Nilo Roberto Neves,1942-12-02,Falecido - 2022-06-24 (79 anos),Brasil,Porto Alegre (RS),0,0,Defensor (Lateral Esquerdo),Canhoto,1
230,Reynaldo Domingues Mendes,1948-06-14,,Brasil,Santos (SP),0,0,Meia,,1
231,Walter Ferraz de Negreiros,1946-08-06,,Brasil,,0,0,Meia (Meia Ofensivo),,1
232,Leocádio Consul,1944-10-05,,Brasil,Mafra (SC),0,0,Meia,,1
233,José Hidalgo Neto,1943-11-03,,Brasil,,0,0,Meia (Volante),,1
234,Renato Machado Pinto,1944-04-01,,Brasil,Curitiba (PR),0,0,Atacante,,1
235,Rinaldo Luís Dias Amorim,1939-02-19,Falecido - 2023-04-05 (84 anos),Brasil,Jurena (PE),0,0,Atacante (Ponta Esquerda),,1
236,Hélio Dias de Oliveira,1943-12-19,,Brasil,,0,0,Goleiro,,1
237,Manoel Caetano Silva,1940-07-07,Falecido - 1994-03-09 (53 anos),Brasil,Rio Casca (MG),0,0,Defensor (Lateral Esquerdo),,1
238,Pedro Paulo Teles Marcelino,1945-08-15,Falecido - 2008-02-14 (62 anos),Brasil,Pedro Leopoldo (MG),0,0,Defensor (Lateral Direito),Destro,1
239,Roberto Alfredo Perfumo,1942-10-03,Falecido - 2016-03-10 (73 anos),Argentina,Sarandí,179,75,Defensor,,1
240,Wilson da Silva Piazza,1943-02-25,,Brasil,Ribeirão das Neves,175,75,Meia (Volante) / Defensor (Zagueiro),Destro,1
241,Natal de Carvalho Baroni,1945-11-24,,Brasil,Belo Horizonte (MG),164,61,Meia (Meia Direita) / Atacante (Ponta Direita),Destro,1
242,Wanderley Eustáquio de Oliveira,1950-06-11,Falecido - 2023-07-17 (73 anos),Brasil,Belo Horizonte (MG),174,71,Meia (Meia Ofensivo) / Atacante (Centroavante),Destro,1
243,José Carlos Bernardo,1945-04-28,Falecido - 2018-06-12 (73 anos),Brasil,Juiz de Fora (MG),172,0,Meia (Meia Central) / Meia (Volante),,1
244,Dirceu Lopes Mendes,1946-09-03,,Brasil,Pedro Leopoldo (MG),162,60,Meia (Meia Ofensivo) / Meia (Meia Esquerda),Destro,1
245,Eduardo Teixeira Lima,1944-10-31,Falecido - 2020-08-24 (75 anos),Brasil,,0,0,Atacante,,1
246,Eduardo Gonçalves Andrade,1947-01-25,,Brasil,Belo Horizonte (MG),172,65,Atacante (2º Atacante) / Meia (Meia Ofensivo),Canhoto,1
247,Dirceu Krüger,1945-04-11,Falecido - 2019-04-25 (74 anos),Brasil,Curitiba,173,0,Atacante,Ambidestro,1
248,Paulo Roberto Vecchio,1943-01-30,Falecido - 2023-02-17 (80 anos),Brasil,Porto Alegre (RS),0,0,Atacante,,1
249,Roberto Monteiro,1949-07-24,Falecido - 1976-05-13 (26 anos),Brasil,Belo Horizonte,171,0,Atacante (Ponta Direita),Destro,1
250,Evaldo Cruz,1945-01-12,,Brasil,,0,0,Atacante,,1
251,Roberto de Oliveira,1949-06-29,,Brasil,,0,0,Meia,,1
252,Wanderley Machado da Silva,1943-11-03,Falecido - 1973-06-17 (29 anos),Brasil,São Paulo (SP),177,75,Atacante,,1
253,António Raimundo Gomes Filho,1946-09-13,,Brasil,,0,0,Atacante,Destro,1
254,Paulo Henrique Souza de Oliveira,1943-01-05,,Brasil,Macaé (RJ),173,65,Defensor (Lateral Esquerdo),Canhoto,1
255,Francisco Santiago Reyes Villalba,1941-07-04,Falecido - 1976-07-31 (35 anos),Paraguai,Asunción,175,72,Meia (Zagueiro) / Meia (Volante),Canhoto,1
256,Wilson Gomes,1946-03-13,,Brasil,Santos (SP),0,0,Meia,,1
257,Paulo César de Oliveira,1951-07-02,,Brasil,Rio de Janeiro (RJ),0,0,Atacante,,1
258,Francisco de Assis Freitas,1952-10-04,,Brasil,Laje do Murié (RJ),0,0,Atacante,,1
259,Gaspar Rodrigues Froteira,1944-05-16,,Brasil,Porto Alegre (RS),0,0,Meia,Canhoto,1
260,Severino Alonso de Lima,1944-10-21,,Brasil,Itabaiana (PB),0,0,Meia,,1
261,Artur Ribeiro do Carmo Filho,1949-12-05,,Brasil,Fortaleza (CE),0,0,Meia (Volante) / Defensor (Zagueiro),,1
262,José Alves de Oliveira,1949-12-28,,Brasil,Fortaleza (CE),0,0,Atacante,,1
263,Marco Aurélio Crisóstomo de Morais,1945-10-10,,Brasil,São Gonçalo do Amarante (CE),0,0,Atacante (Ponta Esquerda),Canhoto,1
264,Vanderlei Lázaro,1947-06-20,,Brasil,,0,0,Defensor (Lateral Esquerdo),Canhoto,1
265,Mário Peres Ulibarri,1947-03-19,Falecido - 2023-09-18 (76 anos),Brasil,Sorocaba (SP),181,0,Defensor (Zagueiro) / Defensor (Líbero),Destro,1
266,Neiriberto Camilo Gallo,1942-08-28,Falecido - 2021-03-20 (78 anos),Brasil,São Paulo (SP),0,0,Meia,,1
267,Isidoro Mendes,1951-10-01,,Brasil,São Paulo (SP),0,0,Defensor (Lateral Esquerdo) / Defensor (Zagueiro),Canhoto,1
268,Luis Americo dos Santos,1946-12-26,,Brasil,Ribeirão Pires (SP),0,0,Meia,,1
269,Eberval Vitorino da Silva,1944-01-04,,Brasil,,0,0,Defensor,Canhoto,1
270,Roberto Fontana Madeira,1947-07-09,,Brasil,Vitória (ES),0,0,Meia,,1
271,José Maria Fidélis dos Santos,1944-03-13,Falecido - 2012-11-28 (68 anos),Brasil,São José dos Campos (SP),175,74,Defensor (Lateral Direito),Destro,1
272,José Carlos Merola,1945-06-01,,Brasil,São Paulo (SP),0,0,Meia,,1
273,Mário Araújo Pinheiro Filho,1947-07-21,,Brasil,Rio de Janeiro (RJ),0,0,Defensor (Zagueiro),,1
274,Élcio Machado Rocha,1948-11-19,,Brasil,Ubá (MG),0,0,Goleiro,,1
275,Héctor Carlos Cincunegui de Los Santos,1940-07-28,Falecido - 2016-10-13 (76 anos),Uruguai,Montevideo,1,69,Defensor (Lateral Direito) / Defensor (Lateral Esquerdo),,1
276,Romeu Evangelista,1950-03-27,,Brasil,Esmeraldas (MG),177,74,Atacante (Ponta Esquerda),Canhoto,1
277,Aluisio Elias Paulino,1952-06-25,,Brasil,,0,0,Defensor (Zagueiro),Ambidestro,1
278,Luiz Cláudio,1946-04-17,,Brasil,Itabirito (MG),0,0,Defensor (Lateral Direito),Destro,1
279,Nei da Conceição Moreira,1946-12-08,,Brasil,São João de Meriti (RJ),0,0,Meia,,1
280,Oberdan Nazareno Vilain,1945-06-02,,Brasil,Florianópolis (SC),189,83,Defensor (Zagueiro),Destro,1
281,Arlindo Galvão,1948-05-08,,Brasil,Marília (SP),0,0,Defensor (Zagueiro),,1
282,Antônio Ferreira,1942-08-10,Falecido - 1990-01-26 (47 anos),Brasil,Bauru-SP,0,0,Atacante (Centroavante),Destro,1
283,Joel Mendes,1946-06-25,Falecido - 2024-12-09 (78 anos),Brasil,Campo Magro (PR),176,0,Goleiro,,1
284,José Roberto Marques,1945-05-31,Falecido - 2016-05-07 (70 anos),Brasil,Sertãozinho (SP),0,0,Atacante,,1
285,Paulo César Carpegiani,1949-02-07,,Brasil,Erechim (RS),172,71,Meia (Meia Central),Destro,1
286,Walter González,1933-00-00,,Brasil,Rio de Janeiro (RJ),0,0,Goleiro,,1
287,Ubaldo de Oliveira,1946-05-16,,Brasil,Feira de Santana (BA),0,0,Defensor (Lateral Direito),Destro,1
288,Albérico Luiz Pereira dos Santos,1946-07-04,,Brasil,Recife (PE),0,0,Defensor (Lateral Esquerdo),Canhoto,1
289,Francisco Antônio Lopes,1946-10-16,,Brasil,Pirapora - MG,0,0,Atacante,,1
290,Walfrido Campos Filho,1947-12-17,Falecido - 2020-02-05 (72 anos),Brasil,Recife (PE),0,0,Atacante (Ponta Direita),Destro,1
291,José Everaldo de Moraes,1946-08-04,,Brasil,João Pessoa (PB),0,0,Atacante (Ponta Direita),,1
292,Jaldemir Gomes Machado,1948-02-07,,Brasil,Ribeirão (PE),0,0,Atacante (Ponta Esquerda),Canhoto,1
293,João Landulpho Cardoso,1947-01-21,,Brasil,Santo Anastácio (SP),0,0,Defensor (Zagueiro),,1
294,Félix Miéli Venerando,1937-12-24,Falecido - 2012-08-24 (74 anos),Brasil,São Paulo (SP),178,72,Goleiro,Destro,1
295,João José Galhardo,1942-10-29,,Brasil,Araraquara (SP),0,0,Defensor (Zagueiro),,1
296,Marco Antônio Feliciano,1951-02-06,,Brasil,Santos (SP),185,0,Defensor (Lateral Esquerdo),Canhoto,1
297,Moacir Fernandes,1948-11-10,Falecido - 1991-08-25 (42 anos),Brasil,,0,0,Atacante (Ponta Direita),Destro,1
298,Luís Carlos Galter,1947-10-17,Falecido - 2025-03-07 (77 anos),Brasil,São Paulo,0,0,Defensor (Zagueiro),,1
299,José Luiz Ferreira Rodrigues,1946-07-06,,Brasil,Porto Alegre,0,0,Defensor (Lateral Esquerdo),Canhoto,1
300,Sebastião José Ferri,1945-01-20,,Brasil,Abatiá (PR),0,0,Atacante,,1
301,José Martins Manso,1946-07-25,,Brasil,Ribeirão do Sul (SP),0,0,Atacante,,1
302,Luiz Alberto da Costa,1953-12-01,,Brasil,Votorantim (SP),0,0,Atacante (Centroavante),,1
303,Júlio César da Boa Morte,1948-11-01,,Brasil,Curvelo (MG),0,0,Atacante,,1
304,Osmar Cardoso,1943-11-10,,Brasil,Barão de Cocais (MG),0,0,Defensor (Lateral Direito),,1
305,Sebastião Eustáquio Pereira Braga,1946-08-13,,Brasil,Belo Horizonte (MG),185,81,Atacante (Ponta Direita) / Atacante (Centroavante),Destro,1
306,Nei Oliveira,1944-07-07,,Brasil,Sorocaba (SP),0,0,Atacante,Destro,1
307,Livadir Toaldo,1937-03-08,Falecido - 2019-05-06 (82 anos),Brasil,Curitiba (PR),0,0,Defensor (Zagueiro),,1
308,Jorge da Silva Pereira,1949-04-22,,Brasil,Niteroi,170,72,Atacante,,1
309,Paulo Roberto Rodrigues Matheus,1953-04-29,Falecido - 1995-08-05 (42 anos),Brasil,Santos (SP),0,0,Atacante,,1
310,Carlos Alberto Rodrigues,1947-07-12,,Brasil,São Paulo (SP),0,0,Atacante (Ponta Esquerda) / Meia (Meia Esquerda),Destro,1
311,Juvenal Calixto Duarte,1944-03-14,,Brasil,Maranguape (CE),0,0,Defensor (Lateral Direito),,1
312,João Rômulo dos Santos,1946-09-28,,Brasil,Itapipoca (CE),0,0,Meia,,1
313,Erandy Pereira Montenegro,1946-04-24,Falecido - 2023-12-07 (77 anos),Brasil,Bananeiras (PB),0,0,Atacante,,1
314,Abel Verônico da Silva Filho,1941-10-02,,Brasil,Rio de Janeiro (RJ),0,0,Atacante (Ponta Esquerda),Canhoto,1
315,Derivaldo Domingos Barbosa,1946-11-01,Falecido,Brasil,Recife (PE),0,0,Atacante (Ponta Esquerda),Canhoto,1
316,Carlos Roberto Ferreira Cabral,1945-01-02,,Brasil,"Santos, SP",0,0,Meia,,1
317,Humberto Monteiro,1947-08-30,Falecido - 1980-03-27 (32 anos),Brasil,Cachoeiro de Itapemirim (ES),180,80,Defensor (Lateral Direito),Destro,1
318,Benedito Carlos de Souza,1944-05-13,,Brasil,,0,0,Atacante (Centroavante),Destro,1
319,César Augusto da Silva Lemos,1945-05-17,,Brasil,Niterói (RJ),179,73,Atacante (Centroavante),Destro,1
320,Valmir Louruz,1944-03-13,Falecido - 2015-04-29 (71 anos),Brasil,Porto Alegre (RS),0,0,Defensor (Zagueiro),,1
321,Arlen Ávila Gomes,1947-09-15,,Brasil,Pelotas (RS),0,0,Atacante (Ponta Direita),Destro,1
322,Paulo Luis Borges,1944-12-24,Falecido - 2011-12-24 (67 anos),Brasil,Itaocara (RJ),0,0,Atacante (Ponta Direita),Destro,1
323,Antônio Carlos Fedato,1948-11-08,Falecido - 2000-01-26 (51 anos),Brasil,São Caetano do Sul (SP),0,0,Atacante,,1
324,Mário Tadeu Ricci,1947-04-09,,Brasil,Ribeirão Preto (SP),75,181,Meia,Destro,1
325,Clóvis Moreira Rodrigues,1945-11-03,Falecido - 1996-10-01 (50 anos),Brasil,Farroupilha (RS),0,0,Atacante,,1
326,José Benedito Tobias,1949-05-13,Falecido - 2024-07-13 (75 anos),Brasil,Agudos - São Paulo,0,0,Goleiro,,1
327,Almir da Fonseca Coelho,1947-12-10,,Brasil,Nova Friburgo (RJ),0,0,Defensor (Zagueiro),,1
328,Antônio Pedro de Jesus,1947-07-26,Falecido - 2022-10-18 (75 anos),Brasil,Neves Paulista (SP),0,0,Atacante (Ponta Esquerda),Canhoto,1
329,Alan Jackson Martins,1946-11-24,,Brasil,Osasco (SP),0,0,Atacante,,1
330,Rinaldo Irineu da Silva,1947-10-24,,Brasil,,0,0,Atacante (Ponta Esquerda),Canhoto,1
331,Waldir Pereira de Souza,1951-10-14,,Brasil,Januária (MG),0,0,Meia (Volante),,1
332,Ivaldo José Machado,1942-07-08,,Brasil,Recife (PE),0,0,Defensor (Zagueiro),,1
333,Moacir Eustáquio Antunes,1944-03-24,,Brasil,Ouro Preto (MG),0,0,Defensor (Zagueiro),,1
334,Moacir Deodato Muniz,1951-03-14,,Brasil,Caruaru (PE),0,0,Atacante,,1
335,Spencer Coelho,1947-06-11,,Brasil,Araxá (MG),0,0,Meia,,1
336,Nelson Cazumbá,1943-04-10,Falecido - 2012-01-17 (68 anos),Brasil,Salvador (BA),0,0,Defensor (Lateral Direito),,1
337,Adilson Benfica da Rosa,1947-07-10,Falecido - 2005-07-09 (57 anos),Brasil,Porto Alegre (RS),0,0,Atacante (Ponta Direita),,1
338,Salvador Luís de Almeida,1949-08-07,Falecido,Brasil,Rio de Janeiro (RJ),0,0,Atacante,Canhoto,1
339,Carlos Dionísio de Brito,1947-07-09,Falecido - 2014-09-24 (67 anos),Brasil,Corumbá (MS),177,0,Atacante,Canhoto,1
340,José Galdino de Oliveira,1954-10-12,,Brasil,Rio de Janeiro (RJ),0,0,Atacante,,1
341,Mizael Torres Neto,1947-10-31,Falecido - 2020-03-18 (72 anos),Brasil,Matosos (MG),0,0,Defensor (Zagueiro),,1
342,Renato Tavares da Silveira,1947-05-26,,Brasil,Campos dos Goytacazes (RJ),0,0,Atacante,,1
343,Carlos Adolfo Buttice,1942-11-17,Falecido - 2018-08-03 (75 anos),Argentina,Monte Grande (ARG),0,0,Goleiro,,1
344,José Carlos da Silva Lemos,1949-09-11,,Brasil,Niterói (RJ),0,0,Atacante,Destro,1
345,Sidnei José Polli,1941-10-07,Falecido - 2000-01-08 (58 anos),Brasil,Campinas (SP),0,0,Goleiro,,1
346,Álvaro Aparecido Pedro,1946-03-13,Falecido - 2013-12-15 (67 anos),Brasil,Rancharia (SP),0,0,Meia (Volante),Destro,1
347,Arthur José Teixeira,1944-03-02,,Brasil,Rio de Janeiro (RJ),0,0,Atacante,,1
348,Walter Goulart,1938-12-21,,Brasil,Viçosa (MG),0,0,Meia,,1
349,Adilson Moraes Albuquerque,1948-01-27,,Brasil,Recife (PE),0,0,Meia,,1
350,Tales Flamínio Costa,1943-02-23,,Brasil,São Manoel (SP),0,0,Atacante,Destro,1
351,Luís Sérgio Ferreira,1948-12-27,,Brasil,São Gerônimo (RS),0,0,Atacante,,1
352,Jair de Jesus Pereira,1949-03-19,,Brasil,Blumenau (SC),0,0,Atacante,,1
353,Marco Antônio Garcia Alves,1940-12-26,,Brasil,Barra do Piraí (RJ),0,0,Meia,,1
354,Rildo da Costa Menezes,1942-01-23,Falecido - 2021-05-16 (79 anos),Brasil,Recife,173,0,Defensor (Lateral Esquerdo),Canhoto,1
355,Laírton José Giovanella,1948-01-20,,Brasil,Lajeado (RS),0,0,Meia,,1
356,João Batista Barbosa Ribeiro,1949-05-29,,Brasil,Pará de Minas (MG),0,0,Atacante,,1
357,Marco Aurélio Moreira,1952-02-10,,Brasil,Muriaé (MG),174,0,Meia (Volante),,1
358,Ivan Xavier da Silva,1948-12-24,,Brasil,Recife (PE),0,0,Defensor,,1
359,Djalma Pereira Dias Júnior,1939-08-21,Falecido - 1990-05-01 (50 anos),Brasil,Rio de Janeiro (RJ),0,0,Defensor (Zagueiro),Destro,1
360,Fernando Ferreira de Lima,1944-07-01,,Brasil,Caruaru (PE),0,0,Atacante (Ponta Esquerda),Canhoto,1
361,Joaquim Fernandes Lopes,1946-11-20,Falecido - 1998-04-27 (51 anos),Brasil,Marília (SP),0,0,Meia,,1
362,Antônio Carlos Dias Renato,1947-08-26,,Brasil,Rio de Janeiro (RJ),0,0,Defensor (Lateral Direito),,1
363,Carlos Alberto Tartaglia,1944-06-20,,Brasil,Mogi-Guaçu (SP),0,0,Atacante,,1
364,Renê Carlos da Silva,1948-10-14,,Brasil,Rio de Janeiro (RJ),183,75,Defensor (Zagueiro),Ambidestro,1
365,Carlos Eduardo de Sousa,1949-12-10,,Brasil,Rancharia (SP),0,0,Defensor (Zagueiro),Canhoto,1
366,Roberto Rebouças,1938-04-10,,Brasil,São Felix (BA),0,0,Defensor (Zagueiro),,1
367,Carlos Alberto Barreto da Silva,1951-01-22,,Brasil,Lagoa dos gatos (PE),0,0,Atacante,,1
368,Antonio Carlos da Silva Terezo,1953-10-07,,Brasil,Macaé (RJ),169,69,Defensor (Lateral Direito),Destro,1
369,José Carlos Generoso,1944-03-26,,Brasil,Araraquara (SP),0,0,Atacante,Canhoto,1
370,Ely Mendes,1952-02-21,,Brasil,Corinto (MG),0,0,Meia (Meia Direita) / Atacante (Ponta Direita),Destro,1
371,Cláudio Roberto Pires Duarte,1951-05-09,,Brasil,São Jerônimo (RS),0,0,Defensor (Lateral Direito),,1
372,Marciano José Silveira Filho,1950-01-03,,Brasil,Lauro Müller (SC),0,0,Atacante,,1
373,Hélio Ribeiro Alves,1950-06-21,,Brasil,Fortaleza (CE),0,0,Goleiro,,1
374,Benedito Benjamin Ferreira,1943-11-04,,Brasil,Guará (SP),0,0,Defensor (Lateral Esquerdo),,1
375,José Carlos dos Santos,1947-09-28,,Brasil,Catanduva (SP),0,0,Meia (Volante),,1
376,Ismael do Amaral Filho,1948-12-20,,Brasil,Belo Horizonte (MG),0,0,Atacante,Destro,1
377,Pedrilho Gonçalves Filho,1949-11-13,,Brasil,Pedro Leopoldo (MG),0,0,Atacante,,1
378,Paulo Roberto Durães de Castilho,1946-03-24,,Brasil,Guaratinguetá (SP),0,0,Atacante (Ponta Direita),Destro,1
379,Valdemir Germano Filho,1948-03-10,,Brasil,Conselheiro Pena (MG),0,0,Meia,,1
380,Wilson de Oliveira Riça,1950-03-13,,Brasil,,0,0,Atacante (Ponta Esquerda),Canhoto,1
381,José Maria Rodrigues Alves,1949-05-18,,Brasil,Botucatu (SP),176,0,Defensor (Lateral Direito),Destro,1
382,Antonio Luiz da Costa,1945-09-05,,Brasil,Sapé (PB),0,0,Atacante,,1
383,Vicente Gonçalves De Paulo,1949-09-05,Falecido - 2011-12-24 (62 anos),Brasil,Bagé (RS),0,0,Defensor (Zagueiro),,1
384,Belarmino de Oliveira Júnior,1951-01-08,,Brasil,Santos (SP),0,0,Atacante,,1
385,Marco Antônio Nogueira,1951-03-23,Falecido - 1994-02-10 (42 anos),Brasil,Itu (SP),0,0,Atacante (Ponta Esquerda),Canhoto,1
386,Edemir Cláudio Marques,1950-02-18,,Brasil,Santos (SP),0,0,Defensor (Zagueiro) / Defensor (Lateral Esquerdo),Canhoto,1
387,Carlos Puppo,1950-06-07,,Brasil,São Paulo (SP),0,0,Goleiro,,1
388,Diodete Pereira Coelho,1946-06-12,Falecido - 2001-09-12 (55 anos),Brasil,Jequié (BA),0,0,Goleiro,,1
389,José Augusto dos Santos Nascimento,1943-03-17,,Brasil,Santo Amaro da Purificação (BA),0,0,Defensor (Lateral Direito),,1
390,Volmir Francisco de Sousa,1944-07-05,,Brasil,Vacaria (RS),0,0,Atacante (Ponta Esquerda),Canhoto,1
391,Joel Gonçalves Roland,1943-02-16,Falecido - 2010-11-14 (67 anos),Brasil,São Jerônimo (RS),0,0,Meia,,1
392,Alexander Kamianecky,1945-12-09,,Alemanha,Hannover,0,0,Defensor (Zagueiro),,1
393,Douglas da Silva Franklin,1949-09-09,,Brasil,Barretos (SP),0,0,Meia (Ponta Direita),,1
394,Manoel Carlos Domingues de Souza,1948-06-02,,Brasil,Lins,0,0,Meia,,1
395,Luís Alberto Alves Severino,1942-11-05,Falecido - 2020-05-21 (77 anos),Brasil,,0,0,Defensor,Canhoto,1
396,Luiz Carlos Pires de Queiroz,1945-09-26,Falecido - 2022-07-13 (76 anos),Brasil,Pelotas (RS),0,0,Goleiro,,1
397,José Luiz Plein Filho,1951-04-25,,Brasil,Santa Maria (RS),0,0,Meia,,1
398,João Batista Faria,1946-06-24,Falecido - 2008-04-20 (61 anos),Brasil,,0,0,Defensor,,1
399,Darci Menezes,1949-09-24,,Brasil,Bagé (RS),0,0,Defensor (Zagueiro),,1
400,José Borges de Couto,1943-05-26,,Brasil,Silvianópolis (MG),177,72,Defensor (Zagueiro) / Defensor (Lateral Esquerdo),,1
401,Paulo Roberto Cardoso da Silva,1952-02-12,,Brasil,Aguas de Lindóia (SP),0,0,Atacante (Ponta Direita),Destro,1
402,Adílson Pereira,1949-12-29,,Brasil,Campos dos Goytacazes (RJ),0,0,Meia,,1
403,Washington Geraldo Dias Alves,1947-09-03,,Brasil,Barão de Cocais (MG),0,0,Defensor,Destro,1
404,Dirceu José Guimarães,1952-06-15,Falecido - 1995-09-15 (43 anos),Brasil,Curitiba (PR),172,66,Meia (Meia Ofensivo) / Atacante (2º Atacante),Canhoto,1
405,Waltemiro Fernandes Pessoa,1942-06-22,,Brasil,João Pessoa (PB),0,0,Meia (Ponta Direita),Destro,1
406,Gilberto Cordeiro de Abreu,1941-12-09,,Brasil,Maranguape (CE),0,0,Atacante,,1
