partida_id,treinador_id,clube_id,tipo
1,1,1,Titular
1,2,2,Titular
2,3,3,Titular
2,4,4,Titular
3,5,5,Titular
3,6,6,Titular
4,7,7,Titular
4,8,8,Titular
5,9,9,Titular
5,10,10,Titular
6,11,11,Titular
6,,12,
7,12,13,Titular
7,13,14,Titular
8,14,15,Titular
8,15,16,Titular
9,16,17,Titular
9,17,18,Titular
10,18,19,Titular
10,19,20,Titular
11,9,9,Titular
11,2,2,Titular
12,1,1,Titular
12,10,10,Titular
13,6,6,Titular
13,20,12,Titular
14,16,17,Titular
14,8,8,Titular
15,19,20,Titular
15,15,16,Titular
16,7,7,Titular
16,17,18,Titular
17,4,4,Titular
17,6,6,Titular
18,20,12,Titular
18,3,3,Titular
19,5,10,Titular
19,10,5,Titular
20,2,2,Titular
20,11,11,Titular
21,19,20,Titular
21,12,13,Titular
22,1,1,Titular
22,9,9,Titular
23,,17,
23,,7,
24,13,14,Titular
24,17,18,Titular
25,8,8,Titular
25,14,15,Titular
26,18,19,Titular
26,15,16,Titular
27,4,4,Titular
27,20,12,Titular
28,,2,
28,,5,
29,,14,
29,,19,
30,,1,
30,11,11,Titular
31,,17,
31,,14,
32,,19,
32,,7,
33,10,10,Titular
33,3,3,Titular
34,,6,
34,,8,
35,,13,
35,,15,
36,2,2,Titular
36,6,6,Titular
37,20,12,Titular
37,5,5,Titular
38,,9,
38,11,11,Titular
39,17,18,Titular
39,15,16,Titular
40,,15,
40,,20,
41,,19,
41,,13,
42,,7,
42,,14,
43,3,3,Titular
43,,1,
44,20,12,Titular
44,9,9,Titular
45,5,5,Titular
45,4,4,Titular
46,,10,
46,,6,
47,,8,
47,,16,
48,9,9,Titular
48,3,3,Titular
49,,1,
49,,4,
50,,19,
50,,18,
51,11,11,Titular
51,10,10,Titular
52,,13,
52,,16,
53,,7,
53,,15,
54,,20,
54,,17,
55,,14,
55,,8,
56,3,3,Titular
56,11,11,Titular
57,,6,
57,,1,
58,,12,
58,,2,
59,,18,
59,,13,
60,,7,
60,,20,
61,,17,
61,,15,
62,,16,
62,,14,
63,9,9,Titular
63,5,5,Titular
64,,4,
64,,10,
65,,20,
65,,18,
66,,15,
66,,14,
67,3,3,Titular
67,2,2,Titular
68,,1,
68,5,5,Titular
69,,10,
69,,12,
70,,9,
70,,6,
71,11,11,Titular
71,,4,
72,,13,
72,,8,
73,,19,
73,,17,
74,,18,
74,,15,
75,6,6,Titular
75,3,3,Titular
76,,17,
76,,13,
77,,7,
77,,16,
78,,8,
78,,19,
79,,5,
79,11,11,Titular
80,2,2,Titular
80,4,4,Titular
81,,8,
81,,18,
82,,19,
82,,15,
83,,17,
83,,16,
84,,14,
84,,20,
85,,7,
85,,13,
86,,9,
86,,4,
87,10,10,Titular
87,2,2,Titular
88,20,12,Titular
88,1,1,Titular
89,3,3,Titular
89,5,5,Titular
90,11,11,Titular
90,,6,
91,2,2,Titular
91,15,16,Titular
92,,9,
92,,8,
93,,18,
93,11,11,Titular
94,,15,
94,,10,
95,7,7,Titular
95,5,5,Titular
96,18,19,Titular
96,20,12,Titular
97,,20,
97,,1,
98,,14,
98,,6,
99,,13,
99,,4,
100,16,17,Titular
100,3,3,Titular
101,8,8,Titular
101,3,3,Titular
102,,10,
102,,19,
103,3,3,Titular
103,7,7,Titular
104,20,12,Titular
104,,17,
105,,16,
105,,6,
106,,9,
106,,18,
107,,4,
107,,15,
108,,13,
108,,2,
109,13,14,Titular
109,5,5,Titular
110,,1,
110,,8,
111,11,11,Titular
111,,20,
112,,6,
112,,20,
113,,13,
113,,6,
114,,8,
114,,4,
115,,17,
115,11,11,Titular
116,19,20,Titular
116,2,2,Titular
117,14,15,Titular
117,5,5,Titular
118,,10,
118,,18,
119,20,12,Titular
119,21,16,Titular
120,18,19,Titular
120,3,3,Titular
121,,9,
121,,14,
122,1,1,Titular
122,7,7,Titular
123,11,11,Titular
123,,13,
124,7,7,Titular
124,20,12,Titular
125,22,18,Titular
125,23,4,Titular
126,,4,
126,,7,
127,5,5,Titular
127,8,8,Titular
128,,9,
128,,15,
129,,14,
129,,10,
130,3,3,Titular
130,19,20,Titular
131,,17,
131,,2,
132,20,12,Titular
132,22,18,Titular
133,11,11,Titular
133,,16,
134,,1,
134,,13,
135,,19,
135,,6,
136,,4,
136,,19,
137,,10,
137,,16,
138,13,14,Titular
138,3,3,Titular
139,,15,
139,,2,
140,,7,
140,,10,
141,12,13,Titular
141,20,12,Titular
142,24,11,Titular
142,,8,
143,22,18,Titular
143,6,6,Titular
144,,19,
144,,1,
145,,20,
145,,9,
146,,17,
146,5,5,Titular
147,,9,
147,,19,
148,1,1,Titular
148,,17,
149,24,11,Titular
149,,15,
150,3,3,Titular
150,21,16,Titular
151,5,5,Titular
151,12,13,Titular
152,,10,
152,,8,
153,,12,
153,,14,
154,,9,
154,,7,
155,,17,
155,6,6,Titular
156,,20,
156,,4,
157,,2,
157,,18,
158,21,16,Titular
158,5,5,Titular
159,,19,
159,,2,
160,,14,
160,,4,
161,,8,
161,,2,
162,,7,
162,24,11,Titular
163,,20,
163,,12,
164,,6,
164,,15,
165,,17,
165,,10,
166,,1,
166,,14,
167,22,18,Titular
167,5,5,Titular
168,,9,
168,,16,
169,3,3,Titular
169,12,13,Titular
170,,13,
170,,9,
171,22,18,Titular
171,3,3,Titular
172,24,11,Titular
172,13,14,Titular
173,,8,
173,,6,
174,,10,
174,,20,
175,,7,
175,,2,
176,20,12,Titular
176,14,15,Titular
177,1,1,Titular
177,21,16,Titular
178,18,19,Titular
178,5,5,Titular
179,,4,
179,,17,
180,14,15,Titular
180,1,1,Titular
181,,14,
181,,2,
182,,16,
182,,4,
183,,13,
183,,10,
184,,19,
184,24,11,Titular
185,,8,
185,,12,
186,3,3,Titular
186,14,15,Titular
187,1,1,Titular
187,22,18,Titular
188,,5,
188,,20,
189,,17,
189,,9,
190,7,7,Titular
190,6,6,Titular
191,,13,
191,,2,
192,14,15,Titular
192,18,19,Titular
193,,6,
193,,20,
194,3,3,Titular
194,22,18,Titular
195,20,12,Titular
195,5,5,Titular
196,24,11,Titular
196,,8,
197,,20,
197,24,11,Titular
198,,8,
198,,6,
199,5,5,Titular
199,11,15,Titular
200,18,19,Titular
200,20,12,Titular
201,,18,
201,12,13,Titular
202,2,2,Titular
202,3,3,Titular
203,24,11,Titular
203,6,6,Titular
204,11,15,Titular
204,20,12,Titular
205,12,13,Titular
205,3,3,Titular
206,18,19,Titular
206,5,5,Titular
207,,18,
207,,2,
208,,20,
208,,8,
209,24,11,Titular
209,,20,
210,,6,
210,,8,
211,,13,
211,,18,
212,3,3,Titular
212,2,2,Titular
213,11,15,Titular
213,5,5,Titular
214,20,12,Titular
214,18,19,Titular
215,,8,
215,24,11,Titular
216,22,18,Titular
216,3,3,Titular
217,5,5,Titular
217,20,12,Titular
218,18,19,Titular
218,21,15,Titular
219,,2,
219,,13,
220,,20,
220,,6,
221,24,11,Titular
221,,6,
222,,8,
222,,20,
223,,2,
223,,18,
224,3,3,Titular
224,12,13,Titular
225,20,12,Titular
225,11,15,Titular
226,5,5,Titular
226,18,19,Titular
227,3,3,Titular
227,24,11,Titular
228,24,11,Titular
228,5,5,Titular
229,5,5,Titular
229,3,3,Titular
230,,20,
230,,4,
231,1,21,Titular
231,15,22,Titular
232,,5,
232,,2,
233,,3,
233,,18,
234,25,12,Titular
234,26,11,Titular
235,13,10,Titular
235,,6,
236,27,1,Titular
236,28,23,Titular
237,,24,
237,29,7,Titular
238,,8,
238,,14,
239,30,19,Titular
239,11,15,Titular
240,31,25,Titular
240,,17,
241,,26,
241,,27,
242,,17,
242,12,13,Titular
243,,27,
243,,14,
244,,26,
244,26,11,Titular
245,,24,
245,,20,
246,31,25,Titular
246,32,2,Titular
247,,12,
247,,3,
248,,16,
248,29,7,Titular
249,,19,
249,,5,
250,,4,
250,,8,
251,,22,
251,,18,
252,,1,
252,,6,
253,28,23,Titular
253,13,10,Titular
254,1,21,Titular
254,11,15,Titular
255,,24,
255,,14,
256,,27,
256,,20,
257,,4,
257,,16,
258,1,21,Titular
258,32,2,Titular
259,7,8,Titular
259,3,3,Titular
260,29,7,Titular
260,,6,
261,,5,
261,,12,
262,,17,
262,26,11,Titular
263,,8,
263,,19,
264,,26,
264,12,13,Titular
265,,22,
265,13,10,Titular
266,31,25,Titular
266,11,15,Titular
267,28,23,Titular
267,14,18,Titular
268,29,7,Titular
268,,25,
269,,20,
269,,8,
270,,27,
270,,24,
271,,26,
271,28,23,Titular
272,30,19,Titular
272,32,2,Titular
273,,18,
273,,6,
274,,17,
274,1,21,Titular
275,12,13,Titular
275,25,12,Titular
276,,15,
276,,5,
277,,1,
277,,22,
278,26,11,Titular
278,,16,
279,13,10,Titular
279,,3,
280,,4,
280,,14,
281,11,15,Titular
281,29,7,Titular
282,14,18,Titular
282,12,13,Titular
283,,27,
283,,16,
284,,17,
284,,12,
285,,19,
285,,25,
286,,20,
286,,1,
287,26,11,Titular
287,13,10,Titular
288,,14,
288,,2,
289,28,23,Titular
289,7,8,Titular
290,1,21,Titular
290,23,4,Titular
291,,24,
291,,6,
292,,26,
292,3,3,Titular
293,,22,
293,,5,
294,,24,
294,,16,
295,30,19,Titular
295,1,21,Titular
296,,27,
296,,6,
297,,25,
297,,4,
298,28,23,Titular
298,18,5,Titular
299,,17,
299,3,3,Titular
300,11,15,Titular
300,12,13,Titular
301,,1,
301,13,10,Titular
302,,22,
302,,8,
303,,14,
303,,20,
304,,26,
304,,12,
305,29,7,Titular
305,,18,
306,32,2,Titular
306,26,11,Titular
307,,24,
307,11,15,Titular
308,,1,
308,,12,
309,28,23,Titular
309,12,13,Titular
310,3,3,Titular
310,30,19,Titular
311,,5,
311,,6,
312,29,7,Titular
312,,4,
313,,17,
313,13,10,Titular
314,,22,
314,26,11,Titular
315,1,21,Titular
315,9,14,Titular
316,,25,
316,,20,
317,,26,
317,,18,
318,,8,
318,,16,
319,,27,
319,32,2,Titular
320,28,23,Titular
320,26,11,Titular
321,,12,
321,,16,
322,,19,
322,,4,
323,,27,
323,11,15,Titular
324,,1,
324,,5,
325,,25,
325,,14,
326,,26,
326,13,10,Titular
327,,17,
327,,18,
328,15,22,Titular
328,12,13,Titular
329,,24,
329,,2,
330,,20,
330,,21,
331,,6,
331,3,3,Titular
332,29,7,Titular
332,,8,
333,,24,
333,,8,
334,15,22,Titular
334,,6,
335,3,3,Titular
335,1,21,Titular
336,28,23,Titular
336,33,16,Titular
337,12,13,Titular
337,32,2,Titular
338,,1,
338,26,11,Titular
339,,18,
339,13,10,Titular
340,,26,
340,,19,
341,11,15,Titular
341,34,20,Titular
342,,25,
342,,12,
343,,27,
343,,5,
344,,17,
344,,4,
345,29,7,Titular
345,,14,
346,31,25,Titular
346,3,3,Titular
347,,20,
347,,2,
348,25,12,Titular
348,1,21,Titular
349,28,23,Titular
349,,6,
350,,17,
350,30,19,Titular
351,,22,
351,,16,
352,13,10,Titular
352,29,7,Titular
353,,27,
353,,8,
354,26,11,Titular
354,,18,
355,,26,
355,,4,
356,,24,
356,,5,
357,9,14,Titular
357,11,15,Titular
358,27,1,Titular
358,12,13,Titular
359,1,21,Titular
359,,27,
360,13,10,Titular
360,,8,
361,,2,
361,,12,
362,,20,
362,,6,
363,,26,
363,,22,
364,,1,
364,29,7,Titular
365,11,15,Titular
365,33,16,Titular
366,,19,
366,26,11,Titular
367,,24,
367,,25,
368,,17,
368,28,23,Titular
369,,18,
369,,5,
370,3,3,Titular
370,9,14,Titular
371,12,13,Titular
371,23,4,Titular
372,,21,
372,,24,
373,,27,
373,,1,
374,,12,
374,,20,
375,,19,
375,13,10,Titular
376,24,11,Titular
376,,8,
377,,14,
377,,16,
378,29,7,Titular
378,28,23,Titular
379,3,3,Titular
379,11,15,Titular
380,,25,
380,,26,
381,,22,
381,,17,
382,,4,
382,,18,
383,,6,
383,32,2,Titular
384,12,13,Titular
384,35,5,Titular
385,3,3,Titular
385,33,16,Titular
386,24,11,Titular
386,,14,
387,30,19,Titular
387,,6,
388,,27,
388,28,23,Titular
389,,25,
389,,21,
390,34,20,Titular
390,12,13,Titular
391,,10,
391,13,15,Titular
392,,17,
392,,26,
393,,8,
393,,5,
394,,24,
394,,1,
395,,18,
395,,2,
396,,12,
396,,4,
397,,22,
397,29,7,Titular
398,28,23,Titular
398,,4,
399,15,22,Titular
399,30,19,Titular
400,29,7,Titular
400,24,11,Titular
401,11,15,Titular
401,32,2,Titular
402,,25,
402,,8,
403,,17,
403,,16,
404,,27,
404,,12,
405,,26,
405,,6,
406,,21,
406,,5,
407,,18,
407,,20,
408,12,13,Titular
408,13,10,Titular
409,,1,
409,,14,
410,,24,
410,3,3,Titular
411,,21,
411,,8,
412,,24,
412,,12,
413,,18,
413,11,15,Titular
414,,26,
414,,16,
415,24,11,Titular
415,34,20,Titular
416,,17,
416,,6,
417,,22,
417,,4,
418,13,10,Titular
418,,14,
419,28,23,Titular
419,30,19,Titular
420,,25,
420,,5,
421,29,7,Titular
421,12,13,Titular
422,27,1,Titular
422,32,2,Titular
423,,27,
423,3,3,Titular
424,1,21,Titular
424,28,23,Titular
425,12,13,Titular
425,,6,
426,23,4,Titular
426,32,2,Titular
427,29,7,Titular
427,,27,
428,,5,
428,,20,
429,,19,
429,,14,
430,,17,
430,,24,
431,,25,
431,,22,
432,,15,
432,,8,
433,,26,
433,,1,
434,,16,
434,13,10,Titular
435,,12,
435,,18,
436,,3,
436,24,11,Titular
437,28,23,Titular
437,11,15,Titular
438,,17,
438,,20,
439,,3,
439,,5,
440,,1,
440,,4,
441,,27,
441,12,13,Titular
442,13,10,Titular
442,,21,
443,,26,
443,,14,
444,,19,
444,,8,
445,,24,
445,24,11,Titular
446,,25,
446,,18,
447,,22,
447,32,2,Titular
448,,12,
448,29,7,Titular
449,,16,
449,,6,
450,,26,
450,,20,
451,27,1,Titular
451,3,3,Titular
452,,19,
452,,16,
453,29,7,Titular
453,,5,
454,,8,
454,,12,
455,,25,
455,13,10,Titular
456,,17,
456,,14,
457,,22,
457,11,15,Titular
458,,27,
458,24,11,Titular
459,,6,
459,23,4,Titular
460,28,23,Titular
460,32,2,Titular
461,,21,
461,,18,
462,,24,
462,12,13,Titular
463,23,4,Titular
463,13,10,Titular
464,,5,
464,24,11,Titular
465,,14,
465,,6,
466,25,12,Titular
466,11,15,Titular
467,,24,
467,,22,
468,,17,
468,,27,
469,31,25,Titular
469,28,23,Titular
470,34,20,Titular
470,,3,
471,27,1,Titular
471,1,21,Titular
472,,26,
472,29,7,Titular
473,,16,
473,,2,
474,,8,
474,,18,
475,30,19,Titular
475,12,13,Titular
476,35,5,Titular
476,13,10,Titular
477,,19,
477,,18,
478,3,3,Titular
478,32,2,Titular
479,,20,
479,,16,
480,12,13,Titular
480,7,8,Titular
481,,26,
481,,24,
482,24,11,Titular
482,23,4,Titular
483,,14,
483,,12,
484,,17,
484,,1,
485,11,15,Titular
485,,6,
486,29,7,Titular
486,,21,
487,,27,
487,,25,
488,,22,
488,28,23,Titular
489,12,13,Titular
489,3,3,Titular
490,,18,
490,,16,
491,,5,
491,,14,
492,,17,
492,,8,
493,28,23,Titular
493,,24,
494,,26,
494,1,21,Titular
495,29,7,Titular
495,32,2,Titular
496,,12,
496,13,10,Titular
497,,27,
497,,22,
498,23,4,Titular
498,11,15,Titular
499,,19,
499,,20,
500,,25,
500,,1,
501,24,11,Titular
501,,6,
502,12,13,Titular
502,33,16,Titular
503,,18,
503,,1,
504,,20,
504,29,7,Titular
505,,22,
505,,12,
506,,15,
506,24,11,Titular
507,,26,
507,,8,
508,,23,
508,,3,
509,,17,
509,,5,
510,,24,
510,,4,
511,,27,
511,,19,
512,31,25,Titular
512,,6,
513,,2,
513,13,10,Titular
514,9,14,Titular
514,12,13,Titular
515,,21,
515,,16,
516,11,15,Titular
516,27,1,Titular
517,,24,
517,,19,
518,12,13,Titular
518,24,11,Titular
519,,2,
519,7,8,Titular
520,,20,
520,13,10,Titular
521,28,23,Titular
521,36,12,Titular
522,29,7,Titular
522,,17,
524,,27,
524,,4,
525,,22,
525,3,3,Titular
526,1,21,Titular
526,,6,
527,,18,
527,,14,
528,,25,
528,,16,
529,3,3,Titular
529,,4,
530,,27,
530,,18,
531,31,25,Titular
531,24,11,Titular
532,,22,
532,,14,
533,29,7,Titular
533,,19,
534,,8,
534,,1,
535,12,13,Titular
535,1,21,Titular
536,,26,
536,32,2,Titular
537,,12,
537,,6,
538,28,23,Titular
538,,20,
539,,24,
539,13,10,Titular
540,,16,
540,,5,
541,,17,
541,11,15,Titular
542,,24,
542,,18,
543,,19,
543,,12,
544,,1,
544,,16,
545,24,11,Titular
545,1,21,Titular
546,,22,
546,,20,
547,29,7,Titular
547,3,3,Titular
548,31,25,Titular
548,12,13,Titular
549,,17,
549,32,2,Titular
550,,6,
550,,8,
551,,4,
551,,5,
552,,26,
552,11,15,Titular
553,,27,
553,13,10,Titular
554,28,23,Titular
554,9,14,Titular
555,,12,
555,,5,
556,,2,
556,29,7,Titular
557,,14,
557,,17,
558,24,11,Titular
558,,15,
559,,19,
559,,6,
560,12,13,Titular
560,34,20,Titular
561,,10,
561,13,18,Titular
562,,3,
562,,8,
563,,14,
563,,3,
564,24,11,Titular
564,30,19,Titular
565,11,15,Titular
565,,6,
566,,5,
566,29,7,Titular
567,,8,
567,,17,
568,,2,
568,,12,
569,13,10,Titular
569,12,13,Titular
570,,18,
570,,20,
571,11,15,Titular
571,30,19,Titular
572,,6,
572,24,11,Titular
573,,5,
573,,2,
574,29,7,Titular
574,,12,
575,,17,
575,3,3,Titular
576,,13,
576,,18,
577,,8,
577,,14,
578,,20,
578,13,10,Titular
579,,5,
579,,8,
580,,15,
580,,13,
581,,15,
581,35,5,Titular
582,,28,
582,,21,
583,,29,
583,,30,
584,,22,
584,,15,
585,,8,
585,,6,
586,,9,
586,,31,
587,,32,
587,13,10,Titular
588,,33,
588,,13,
589,,27,
589,,4,
590,,34,
590,,5,
591,,35,
591,,36,
592,,12,
592,,7,
593,29,1,Titular
593,24,11,Titular
594,,37,
594,18,19,Titular
595,37,23,Titular
595,38,38,Titular
596,39,39,Titular
596,7,14,Titular
597,,40,
597,,25,
598,40,41,Titular
598,34,20,Titular
599,,17,
599,,24,
600,,21,
600,,2,
601,41,30,Titular
601,11,15,Titular
602,,22,
602,20,16,Titular
603,,32,
603,,36,
604,,29,
604,,12,
605,,35,
605,13,10,Titular
606,,7,
606,,17,
607,,40,
607,3,3,Titular
608,,31,
608,29,1,Titular
609,,37,
609,,5,
610,,25,
610,14,18,Titular
611,,27,
611,24,11,Titular
612,39,39,Titular
612,34,20,Titular
613,18,19,Titular
613,15,34,Titular
614,,4,
614,,9,
615,,41,
615,7,14,Titular
616,,38,
616,,8,
617,,33,
617,,6,
618,,24,
618,,28,
619,37,23,Titular
619,12,13,Titular
620,19,4,Titular
620,,31,
621,,30,
621,20,16,Titular
622,,34,
622,,37,
623,,7,
623,13,10,Titular
624,,3,
624,42,12,Titular
625,,2,
625,,15,
626,,29,
626,,25,
627,43,21,Titular
627,14,18,Titular
628,,32,
628,,35,
629,,17,
629,,28,
630,,40,
630,,22,
631,,19,
631,,8,
632,,5,
632,,14,
633,,41,
633,39,39,Titular
634,37,23,Titular
634,,6,
635,,9,
635,24,11,Titular
636,,27,
636,29,1,Titular
637,12,13,Titular
637,34,20,Titular
638,,33,
638,38,38,Titular
639,,2,
639,,12,
640,,36,
640,13,10,Titular
641,,32,
641,3,3,Titular
642,,35,
642,,25,
643,,42,
643,,18,
644,,29,
644,,17,
645,,22,
645,,24,
646,,30,
646,,7,
647,,28,
647,,15,
648,,41,
648,,5,
649,29,1,Titular
649,7,14,Titular
650,,31,
650,,19,
651,,37,
651,,8,
652,,38,
652,24,11,Titular
653,,27,
653,37,23,Titular
654,,39,
654,,33,
655,,9,
655,,13,
656,15,34,Titular
656,34,20,Titular
657,,6,
657,19,4,Titular
658,20,16,Titular
658,,36,
659,37,23,Titular
659,18,19,Titular
660,14,18,Titular
660,,17,
661,,24,
661,,7,
662,26,28,Titular
662,3,3,Titular
663,,12,
663,,15,
664,,25,
664,,22,
665,,30,
665,,21,
666,13,10,Titular
666,,2,
667,,32,
667,,43,
668,,35,
668,,29,
669,,8,
669,24,11,Titular
670,,27,
670,7,14,Titular
671,,41,
671,,6,
672,,31,
672,,37,
673,38,38,Titular
673,15,34,Titular
674,,39,
674,,5,
675,34,20,Titular
675,19,4,Titular
676,,33,
676,,9,
677,29,1,Titular
677,,13,
678,,32,
678,,2,
679,,21,
679,,36,
680,,35,
680,20,16,Titular
681,35,29,Titular
681,14,18,Titular
682,,44,
682,,24,
683,,34,
683,29,1,Titular
684,,7,
684,,22,
685,41,30,Titular
685,3,3,Titular
686,,25,
686,13,10,Titular
687,,39,
687,,6,
688,,31,
688,,5,
689,,33,
689,,19,
690,,41,
690,,8,
691,24,11,Titular
691,,4,
692,33,9,Titular
692,37,23,Titular
693,,27,
693,,13,
694,,37,
694,,20,
695,7,14,Titular
695,38,38,Titular
696,,17,
696,,15,
697,,12,
697,,36,
698,,34,
698,,27,
699,34,20,Titular
699,29,1,Titular
700,,19,
700,,9,
701,,28,
701,,2,
702,20,16,Titular
702,11,15,Titular
703,,3,
703,13,10,Titular
704,,29,
704,,7,
705,,22,
705,,35,
706,,32,
706,,25,
707,,21,
707,,17,
708,,42,
708,,30,
709,,24,
709,14,18,Titular
710,7,14,Titular
710,,6,
711,,41,
711,19,4,Titular
712,,39,
712,,8,
713,,13,
713,,5,
714,,31,
714,24,11,Titular
715,,37,
715,38,38,Titular
716,37,23,Titular
716,,33,
717,,3,
717,,2,
718,14,18,Titular
718,20,16,Titular
719,,34,
719,,9,
720,,30,
720,,35,
721,19,4,Titular
721,39,39,Titular
722,,31,
722,,6,
723,,8,
723,,13,
724,,15,
724,,36,
725,,7,
725,,21,
726,,25,
726,3,3,Titular
727,,12,
727,20,16,Titular
728,,32,
728,,24,
729,,17,
729,,2,
730,,28,
730,,42,
731,,22,
731,,29,
732,34,20,Titular
732,18,19,Titular
733,24,11,Titular
733,,14,
734,,18,
734,13,10,Titular
735,38,38,Titular
735,,41,
736,37,23,Titular
736,5,5,Titular
737,,27,
737,,33,
738,29,1,Titular
738,,37,
739,,29,
739,,2,
740,,15,
740,,24,
741,,7,
741,,36,
742,,42,
742,20,16,Titular
743,,17,
743,13,10,Titular
744,,35,
744,,28,
745,,25,
745,,12,
746,43,21,Titular
746,3,3,Titular
747,,20,
747,,38,
748,,19,
748,,6,
749,,33,
749,,5,
750,,32,
750,,30,
751,,37,
751,7,14,Titular
752,,34,
752,24,11,Titular
753,,39,
753,,27,
754,,41,
754,,31,
755,37,23,Titular
755,29,1,Titular
756,,22,
756,14,18,Titular
757,,9,
757,,8,
758,,28,
758,,7,
759,37,23,Titular
759,15,34,Titular
760,11,15,Titular
760,3,3,Titular
761,,42,
761,,36,
762,,29,
762,13,10,Titular
763,,24,
763,,2,
764,,17,
764,20,16,Titular
765,,25,
765,43,21,Titular
766,,22,
766,,32,
767,,35,
767,,12,
768,41,30,Titular
768,14,18,Titular
769,29,1,Titular
769,,33,
770,,27,
770,,8,
771,18,19,Titular
771,19,4,Titular
772,34,20,Titular
772,7,14,Titular
773,,13,
773,,6,
774,,5,
774,24,11,Titular
775,38,38,Titular
775,,31,
776,,37,
776,,39,
777,,41,
777,,9,
778,,25,
778,,2,
779,28,7,Titular
779,14,18,Titular
780,,29,
780,20,16,Titular
781,39,39,Titular
781,18,19,Titular
782,,28,
782,,30,
783,,37,
783,37,23,Titular
784,,42,
784,,35,
785,,32,
785,,12,
786,13,10,Titular
786,,24,
787,29,1,Titular
787,,8,
788,,38,
788,,5,
789,,27,
789,,9,
790,,41,
790,24,11,Titular
791,,34,
791,,6,
792,,33,
792,34,20,Titular
793,19,4,Titular
793,7,14,Titular
794,,31,
794,12,13,Titular
795,,21,
795,,15,
796,3,3,Titular
796,44,36,Titular
797,,17,
797,,22,
798,,28,
798,20,16,Titular
799,15,34,Titular
799,12,13,Titular
800,7,14,Titular
800,33,9,Titular
801,19,4,Titular
801,38,38,Titular
802,,7,
802,,2,
803,,25,
803,,36,
804,13,10,Titular
804,,15,
805,3,3,Titular
805,,22,
806,,35,
806,,24,
807,,42,
807,,29,
808,,32,
808,,21,
809,,17,
809,,30,
810,,12,
810,,18,
811,,8,
811,,5,
812,18,19,Titular
812,,41,
813,,39,
813,24,11,Titular
814,29,1,Titular
814,,6,
815,37,23,Titular
815,34,20,Titular
816,,33,
816,,37,
817,,27,
817,,31,
818,,28,
818,,12,
819,12,13,Titular
819,19,4,Titular
820,,28,
820,,36,
821,20,16,Titular
821,13,10,Titular
822,15,34,Titular
822,,41,
823,,33,
823,,8,
824,,5,
824,,6,
825,,12,
825,,22,
826,3,3,Titular
826,,17,
827,,30,
827,,24,
828,,32,
828,,29,
829,,35,
829,,7,
830,,25,
830,,15,
831,,21,
831,,40,
832,24,11,Titular
832,,20,
833,38,38,Titular
833,,27,
834,18,19,Titular
834,7,14,Titular
835,39,39,Titular
835,12,13,Titular
836,,18,
836,,2,
837,,37,
837,19,4,Titular
838,,31,
838,37,23,Titular
839,,9,
839,29,1,Titular
840,,35,
840,,2,
841,,32,
841,14,18,Titular
842,,21,
842,20,16,Titular
843,,24,
843,,36,
844,,7,
844,,15,
845,,28,
845,,22,
846,,30,
846,,12,
847,,25,
847,,17,
848,35,29,Titular
848,3,3,Titular
849,,40,
849,13,10,Titular
850,37,23,Titular
850,23,8,Titular
851,38,38,Titular
851,,6,
852,,19,
852,,5,
853,,4,
853,29,1,Titular
854,,37,
854,24,11,Titular
855,,27,
855,34,20,Titular
856,,31,
856,,33,
857,15,34,Titular
857,7,14,Titular
858,,39,
858,,9,
859,,41,
859,12,13,Titular
860,,24,
860,20,16,Titular
861,,21,
861,,35,
862,,4,
862,,5,
863,,34,
863,,31,
864,,28,
864,14,18,Titular
865,,2,
865,,36,
866,,22,
866,13,10,Titular
867,35,29,Titular
867,11,15,Titular
868,28,7,Titular
868,3,3,Titular
869,,17,
869,,32,
870,,30,
870,,25,
871,,40,
871,,12,
872,,39,
872,37,23,Titular
873,34,20,Titular
873,,6,
874,,37,
874,,27,
875,,13,
875,24,11,Titular
876,7,14,Titular
876,23,8,Titular
877,29,1,Titular
877,,19,
878,,41,
878,,33,
879,,38,
879,,9,
880,,32,
880,20,16,Titular
881,,17,
881,,36,
882,,35,
882,,3,
883,,25,
883,,28,
884,,15,
884,,18,
885,,29,
885,,21,
886,,12,
886,,24,
887,,40,
887,,2,
888,33,9,Titular
888,,6,
889,5,5,Titular
889,34,20,Titular
890,,33,
890,24,11,Titular
891,,37,
891,12,13,Titular
892,29,1,Titular
892,,39,
893,,41,
893,37,23,Titular
894,18,19,Titular
894,,27,
895,,8,
895,,4,
896,,31,
896,7,14,Titular
897,,40,
897,,15,
898,14,18,Titular
898,44,36,Titular
899,,21,
899,,22,
900,,30,
900,,2,
901,,25,
901,,7,
902,,28,
902,,32,
903,,35,
903,,17,
904,,29,
904,,24,
905,3,3,Titular
905,20,16,Titular
906,13,10,Titular
906,,12,
907,,31,
907,,8,
908,,27,
908,,6,
909,,33,
909,7,14,Titular
910,,34,
910,,4,
911,24,11,Titular
911,37,23,Titular
912,29,1,Titular
912,,5,
913,,39,
913,38,38,Titular
914,,37,
914,,41,
915,12,13,Titular
915,18,19,Titular
916,,9,
916,34,20,Titular
917,,22,
917,,2,
918,,32,
918,11,15,Titular
919,,25,
919,20,16,Titular
920,,21,
920,13,10,Titular
921,,28,
921,,29,
922,,41,
922,29,1,Titular
923,,40,
923,,7,
924,,24,
924,3,3,Titular
925,,35,
925,,18,
926,,34,
926,,8,
927,,6,
927,24,11,Titular
928,,27,
928,,5,
929,12,13,Titular
929,38,38,Titular
930,,31,
930,34,20,Titular
931,,4,
931,,33,
932,,37,
932,33,9,Titular
933,37,23,Titular
933,7,14,Titular
934,,17,
934,,12,
935,,30,
935,,36,
936,24,11,Titular
936,,19,
937,,33,
937,,34,
938,7,14,Titular
938,12,13,Titular
939,,12,
939,,21,
940,,2,
940,20,16,Titular
941,,32,
941,,7,
942,,17,
942,,40,
943,,28,
943,13,10,Titular
944,,22,
944,,36,
945,,25,
945,,24,
946,,35,
946,11,15,Titular
947,34,20,Titular
947,23,8,Titular
948,,37,
948,,6,
949,,18,
949,3,3,Titular
950,29,1,Titular
950,,38,
951,37,23,Titular
951,19,4,Titular
952,,9,
952,,5,
