id,partida_id,jogador_id,clube_id,tipo_evento,tipo_gol,minuto
1,1,9,1,Substituição,,
2,1,19,2,Substituição,,
3,1,23,1,Entrou,,
4,1,24,2,Entrou,,
5,2,34,3,Gol,Normal,48
6,2,37,4,Substituição,,
7,2,42,4,Gol,Normal,57
8,2,45,4,Substituição,,
9,2,47,4,Entrou,,
10,2,48,4,Entrou,,
11,3,57,5,Substituição,,
12,3,59,5,Substituição,,
13,3,70,6,Substituição,,
14,3,71,5,Entrou,,
15,3,72,5,Entrou,,
16,3,73,6,Entrou,,
17,4,79,7,Substituição,,
18,4,80,7,Gol,Normal,90
19,4,83,7,Substituição,,
20,4,90,8,Gol,Normal,24
21,4,91,8,Gol,Normal,7
22,4,93,8,Gol,Normal,37
23,4,94,8,Gol,Normal,86
24,4,96,7,Entrou,,
25,4,97,7,Entrou,,
26,5,103,9,Substituição,,
27,5,106,9,Gol,Normal,60
28,5,107,9,Substituição,,
29,5,112,10,Substituição,,
30,5,117,10,Substituição,,
31,5,120,9,Entrou,,
32,5,121,9,Entrou,,
33,5,122,10,Entrou,,
34,5,123,10,Entrou,,
35,6,128,11,Substituição,,
36,6,133,11,Substituição,,
37,6,138,12,Substituição,,
38,6,141,12,Substituição,,
39,6,144,12,Gol,Normal,11
40,6,144,12,Gol,Normal,81
41,6,145,12,Gol,Normal,85
42,6,146,11,Entrou,,
43,6,147,11,Entrou,,
44,6,148,12,Entrou,,
45,6,149,12,Entrou,,
46,7,156,13,Substituição,,
47,7,167,14,Substituição,,
48,7,172,13,Entrou,,
49,7,173,14,Entrou,,
50,8,177,15,Cartão Vermelho,,
51,8,181,15,Gol,Normal,38
52,8,183,15,Substituição,,
53,8,184,15,Substituição,,
54,8,191,16,Substituição,,
55,8,194,16,Substituição,,
56,8,196,15,Entrou,,
57,8,197,15,Entrou,,
58,8,198,16,Entrou,,
59,8,199,16,Entrou,,
60,8,199,16,Cartão Vermelho,,
61,9,205,17,Substituição,,
62,9,219,18,Substituição,,
63,9,222,17,Entrou,,
64,9,223,18,Entrou,,
65,9,224,18,Entrou,,
66,10,230,19,Substituição,,
67,10,231,19,Substituição,,
68,10,241,20,Substituição,,
69,10,242,20,Substituição,,
70,10,245,20,Gol,Normal,85
71,10,246,20,Gol,Normal,81
72,10,247,19,Entrou,,
73,10,248,19,Entrou,,
74,10,249,20,Entrou,,
75,10,250,20,Entrou,,
76,11,106,9,Substituição,,
77,11,107,9,Substituição,,
78,11,21,2,Gol,Normal,43
79,11,21,2,Gol,Normal,82
80,11,252,9,Entrou,,
81,11,253,9,Entrou,,
82,12,11,1,Substituição,,
83,12,10,1,Gol,Normal,30
84,12,116,10,Gol,Normal,49
85,12,256,10,Substituição,,
86,12,118,10,Substituição,,
87,12,257,1,Entrou,,
88,12,123,10,Entrou,,
89,12,119,10,Entrou,,
90,13,141,12,Gol,Normal,52
91,13,144,12,Gol,Normal,39
92,14,261,17,Substituição,,
93,14,210,17,Substituição,,
94,14,94,8,Gol,Normal,4
95,14,202,17,Entrou,,
96,14,263,17,Entrou,,
97,15,243,20,Substituição,,
98,15,244,20,Gol,Normal,67
99,15,246,20,Gol,Normal,12
100,15,265,16,Substituição,,
101,15,192,16,Substituição,,
102,15,194,16,Gol,Normal,3
103,15,266,20,Entrou,,
104,15,267,16,Entrou,,
105,15,268,16,Entrou,,
106,16,270,7,Gol,Normal,22
107,16,84,7,Substituição,,
108,16,221,18,Substituição,,
109,16,97,7,Entrou,,
110,16,223,18,Entrou,,
111,17,36,4,Substituição,,
112,17,272,4,Substituição,,
113,17,44,4,Gol,Normal,12
114,17,68,6,Gol,Normal,57
115,17,274,4,Entrou,,
116,17,48,4,Entrou,,
117,18,259,12,Substituição,,
118,18,142,12,Gol,Normal,24
119,18,32,3,Gol,Normal,29
120,18,276,3,Substituição,,
121,18,140,12,Entrou,,
122,18,35,3,Entrou,,
123,19,115,10,Substituição,,
124,19,118,10,Gol,Normal,29
125,19,118,10,Substituição,,
126,19,57,5,Substituição,,
127,19,58,5,Gol,Normal,63
128,19,123,10,Entrou,,
129,19,119,10,Entrou,,
130,19,279,5,Entrou,,
131,20,12,2,Substituição,,
132,20,17,2,Gol,Normal,82
133,20,19,2,Substituição,,
134,20,21,2,Gol,Normal,55
135,20,22,2,Gol,Normal,83
136,20,131,11,Substituição,,
137,20,132,11,Gol,Normal,37
138,20,283,2,Entrou,,
139,20,24,2,Entrou,,
140,20,284,11,Entrou,,
141,21,245,20,Gol,Normal,37
142,21,245,20,Substituição,,
143,21,249,20,Gol,Normal,67
144,21,157,13,Substituição,,
145,21,266,20,Entrou,,
146,21,285,13,Entrou,,
147,22,3,1,Substituição,,
148,22,4,1,Cartão Vermelho,,
149,22,6,1,Gol,Normal,45
150,22,6,1,Substituição,,
151,22,7,1,Gol,Normal,17
152,22,10,1,Gol,Normal,31
153,22,101,9,Substituição,,
154,22,100,9,Cartão Vermelho,,
155,22,106,9,Substituição,,
156,22,288,1,Entrou,,
157,22,257,1,Entrou,,
158,22,252,9,Entrou,,
159,22,289,9,Entrou,,
160,23,209,17,Substituição,,
161,23,263,17,Substituição,,
162,23,290,7,Substituição,,
163,23,291,17,Entrou,,
164,23,292,17,Entrou,,
165,23,293,7,Entrou,,
166,24,167,14,Substituição,,
167,24,166,14,Substituição,,
168,24,223,18,Gol,Normal,22
169,24,224,18,Substituição,,
170,24,297,14,Entrou,,
171,24,173,14,Entrou,,
172,25,184,15,Substituição,,
173,25,183,15,Entrou,,
174,26,300,19,Gol,Normal,11
175,26,301,19,Gol,Normal,64
176,26,191,16,Substituição,,
177,26,302,16,Substituição,,
178,26,195,16,Gol,Normal,77
179,26,198,16,Entrou,,
180,26,199,16,Entrou,,
181,27,37,4,Substituição,,
182,27,40,4,Substituição,,
183,27,141,12,Substituição,,
184,27,144,12,Substituição,,
185,27,304,4,Entrou,,
186,27,47,4,Entrou,,
187,27,149,12,Entrou,,
188,27,305,12,Entrou,,
189,28,19,2,Substituição,,
190,28,24,2,Entrou,,
191,29,166,14,Gol,Normal,33
192,29,170,14,Gol,Normal,35
193,29,171,14,Substituição,,
194,29,300,19,Gol,Normal,83
195,29,234,19,Substituição,,
196,29,301,19,Substituição,,
197,29,308,14,Entrou,,
198,29,232,19,Entrou,,
199,29,309,19,Entrou,,
200,30,2,1,Cartão Vermelho,,
201,30,6,1,Cartão Vermelho,,
202,30,10,1,Substituição,,
203,30,282,11,Gol,Normal,54
204,30,282,11,Cartão Vermelho,,
205,30,134,11,Substituição,,
206,30,257,1,Entrou,,
207,30,129,11,Entrou,,
208,31,208,17,Gol,Normal,80
209,31,210,17,Substituição,,
210,31,171,14,Substituição,,
211,31,263,17,Entrou,,
212,31,173,14,Entrou,,
213,32,231,19,Substituição,,
214,32,235,19,Substituição,,
215,32,300,19,Gol,Normal,73
216,32,80,7,Substituição,,
217,32,82,7,Substituição,,
218,32,314,19,Entrou,,
219,32,234,19,Entrou,,
220,32,293,7,Entrou,,
221,32,315,7,Entrou,,
222,33,116,10,Substituição,,
223,33,316,10,Substituição,,
224,33,26,3,Substituição,,
225,33,32,3,Gol,Normal,55
226,33,276,3,Substituição,,
227,33,113,10,Entrou,,
228,33,123,10,Entrou,,
229,33,317,3,Entrou,,
230,33,28,3,Entrou,,
231,34,245,20,Substituição,,
232,34,249,20,Substituição,,
233,34,241,20,Entrou,,
234,34,242,20,Entrou,,
235,35,153,13,Substituição,,
236,35,318,13,Gol,Normal,15
237,35,160,13,Gol,Normal,44
238,35,160,13,Substituição,,
239,35,176,15,Gol,Normal,75
240,35,184,15,Substituição,,
241,35,182,15,Substituição,,
242,35,320,13,Entrou,,
243,35,321,13,Entrou,,
244,35,322,15,Entrou,,
245,35,323,15,Entrou,,
246,36,19,2,Substituição,,
247,36,70,6,Substituição,,
248,36,24,2,Entrou,,
249,36,325,6,Entrou,,
250,37,143,12,Gol,Normal,3
251,37,54,5,Gol,Normal,68
252,38,131,11,Substituição,,
253,38,328,11,Substituição,,
254,38,129,11,Entrou,,
255,38,134,11,Entrou,,
256,39,219,18,Substituição,,
257,39,329,18,Substituição,,
258,39,191,16,Substituição,,
259,39,195,16,Substituição,,
260,39,193,16,Gol,Normal,53
261,39,194,16,Gol,Normal,44
262,39,194,16,Gol,Normal,76
263,39,224,18,Entrou,,
264,39,221,18,Entrou,,
265,39,268,16,Entrou,,
266,39,198,16,Entrou,,
267,40,180,15,Gol,Normal,86
268,40,319,15,Substituição,,
269,40,182,15,Substituição,,
270,40,244,20,Gol,Normal,37
271,40,249,20,Substituição,,
272,40,330,20,Substituição,,
273,40,322,15,Entrou,,
274,40,196,15,Entrou,,
275,40,331,20,Entrou,,
276,40,266,20,Entrou,,
277,41,231,19,Substituição,,
278,41,235,19,Substituição,,
279,41,159,13,Gol,Normal,10
280,41,159,13,Substituição,,
281,41,314,19,Entrou,,
282,41,234,19,Entrou,,
283,41,321,13,Entrou,,
284,42,332,7,Substituição,,
285,42,270,7,Gol,Normal,7
286,42,270,7,Substituição,,
287,42,80,7,Gol,Normal,54
288,42,297,14,Substituição,,
289,42,308,14,Gol,Normal,57
290,42,308,14,Gol,Normal,74
291,42,171,14,Substituição,,
292,42,333,7,Entrou,,
293,42,334,7,Entrou,,
294,42,166,14,Entrou,,
295,42,167,14,Entrou,,
296,43,275,3,Substituição,,
297,43,32,3,Gol,Normal,43
298,43,32,3,Gol,Normal,49
299,43,33,3,Substituição,,
300,43,34,3,Gol,Normal,59
301,43,11,1,Substituição,,
302,43,28,3,Entrou,,
303,43,28,3,Gol,Normal,20
304,43,338,3,Entrou,,
305,43,339,1,Entrou,,
306,44,259,12,Substituição,,
307,44,145,12,Gol,Normal,81
308,44,144,12,Gol,Normal,63
309,44,100,9,Substituição,,
310,44,105,9,Substituição,,
311,44,141,12,Entrou,,
312,44,252,9,Entrou,,
313,44,107,9,Entrou,,
314,45,56,5,Substituição,,
315,45,279,5,Substituição,,
316,45,54,5,Gol,Normal,85
317,45,47,4,Substituição,,
318,45,303,4,Gol,Normal,77
319,45,57,5,Entrou,,
320,45,57,5,Gol,Normal,80
321,45,340,5,Entrou,,
322,45,341,4,Entrou,,
323,46,113,10,Gol,Normal,63
324,46,316,10,Substituição,,
325,46,256,10,Substituição,,
326,46,60,6,Substituição,,
327,46,69,6,Gol,Normal,20
328,46,325,6,Substituição,,
329,46,122,10,Entrou,,
330,46,342,10,Entrou,,
331,46,343,6,Entrou,,
332,46,344,6,Entrou,,
333,47,85,8,Substituição,,
334,47,87,8,Gol,Normal,5
335,47,91,8,Gol,Normal,61
336,47,92,8,Gol,Normal,33
337,47,92,8,Substituição,,
338,47,93,8,Gol,Normal,58
339,47,191,16,Gol,Normal,16
340,47,193,16,Substituição,,
341,47,345,8,Entrou,,
342,47,346,8,Entrou,,
343,47,199,16,Entrou,,
344,48,289,9,Substituição,,
345,48,107,9,Substituição,,
346,48,317,3,Gol,Gol Contra,70
347,48,31,3,Gol,Normal,20
348,48,106,9,Entrou,,
349,48,252,9,Entrou,,
350,49,7,1,Substituição,,
351,49,10,1,Substituição,,
352,49,40,4,Substituição,,
353,49,303,4,Substituição,,
354,49,257,1,Entrou,,
355,49,347,1,Entrou,,
356,49,304,4,Entrou,,
357,49,348,4,Entrou,,
358,50,314,19,Substituição,,
359,50,301,19,Substituição,,
360,50,349,18,Gol,Normal,73
361,50,223,18,Gol,Normal,77
362,50,223,18,Substituição,,
363,50,221,18,Substituição,,
364,50,235,19,Entrou,,
365,50,309,19,Entrou,,
366,50,219,18,Entrou,,
367,50,224,18,Entrou,,
368,51,129,11,Substituição,,
369,51,310,11,Substituição,,
370,51,256,10,Substituição,,
371,51,123,10,Substituição,,
372,51,132,11,Entrou,,
373,51,284,11,Entrou,,
374,51,115,10,Entrou,,
375,51,350,10,Entrou,,
376,52,156,13,Substituição,,
377,52,159,13,Substituição,,
378,52,193,16,Substituição,,
379,52,321,13,Entrou,,
380,52,351,13,Entrou,,
381,52,265,16,Entrou,,
382,52,265,16,Gol,Normal,63
383,53,290,7,Gol,Normal,20
384,53,84,7,Substituição,,
385,53,180,15,Gol,Normal,71
386,53,184,15,Gol,Normal,78
387,53,196,15,Substituição,,
388,53,82,7,Entrou,,
389,53,82,7,Gol,Normal,88
390,53,322,15,Entrou,,
391,54,239,20,Gol,Normal,69
392,54,249,20,Gol,Normal,39
393,54,246,20,Gol,Normal,42
394,54,246,20,Gol,Normal,56
395,54,246,20,Substituição,,
396,54,250,20,Gol,Normal,24
397,54,250,20,Substituição,,
398,54,260,17,Substituição,,
399,54,312,17,Substituição,,
400,54,331,20,Entrou,,
401,54,331,20,Gol,Normal,78
402,54,242,20,Entrou,,
403,54,207,17,Entrou,,
404,54,263,17,Entrou,,
405,55,94,8,Gol,Normal,57
406,56,30,3,Substituição,,
407,56,34,3,Gol,Normal,40
408,56,34,3,Gol,Normal,54
409,56,284,11,Substituição,,
410,56,26,3,Entrou,,
411,56,129,11,Entrou,,
412,57,9,1,Gol,Normal,67
413,57,337,1,Substituição,,
414,57,7,1,Substituição,,
415,57,62,6,Gol,Normal,26
416,57,324,6,Substituição,,
417,57,67,6,Gol,Normal,84
418,57,69,6,Substituição,,
419,57,257,1,Entrou,,
420,57,347,1,Entrou,,
421,57,353,6,Entrou,,
422,57,344,6,Entrou,,
423,57,344,6,Gol,Normal,87
424,58,142,12,Gol,Normal,49
425,58,142,12,Substituição,,
426,58,355,2,Substituição,,
427,58,19,2,Substituição,,
428,58,149,12,Entrou,,
429,58,24,2,Entrou,,
430,58,21,2,Entrou,,
431,59,349,18,Gol,Normal,9
432,59,221,18,Substituição,,
433,59,156,13,Substituição,,
434,59,159,13,Gol,Normal,24
435,59,159,13,Substituição,,
436,59,224,18,Entrou,,
437,59,285,13,Entrou,,
438,59,318,13,Entrou,,
439,60,82,7,Gol,Normal,65
440,60,331,20,Substituição,,
441,60,356,20,Entrou,,
442,61,261,17,Substituição,,
443,61,312,17,Substituição,,
444,61,322,15,Substituição,,
445,61,319,15,Gol,Normal,25
446,61,319,15,Gol,Normal,26
447,61,319,15,Substituição,,
448,61,183,15,Gol,Normal,77
449,61,207,17,Entrou,,
450,61,263,17,Entrou,,
451,61,182,15,Entrou,,
452,61,196,15,Entrou,,
453,62,192,16,Gol,Normal,62
454,62,193,16,Substituição,,
455,62,163,14,Substituição,,
456,62,169,14,Substituição,,
457,62,268,16,Entrou,,
458,62,162,14,Entrou,,
459,62,296,14,Entrou,,
460,63,252,9,Substituição,,
461,63,106,9,Substituição,,
462,63,278,5,Substituição,,
463,63,279,5,Substituição,,
464,63,58,5,Gol,Normal,67
465,63,360,9,Entrou,,
466,63,107,9,Entrou,,
467,63,361,5,Entrou,,
468,63,57,5,Entrou,,
469,64,39,4,Substituição,,
470,64,41,4,Gol,Normal,55
471,64,46,4,Substituição,,
472,64,113,10,Gol,Normal,46
473,64,256,10,Substituição,,
474,64,362,4,Entrou,,
475,64,363,4,Entrou,,
476,64,123,10,Entrou,,
477,65,249,20,Substituição,,
478,65,356,20,Substituição,,
479,65,213,18,Substituição,,
480,65,271,18,Substituição,,
481,65,331,20,Entrou,,
482,65,242,20,Entrou,,
483,65,212,18,Entrou,,
484,65,364,18,Entrou,,
485,66,177,15,Gol,Normal,86
486,66,175,15,Substituição,,
487,66,179,15,Substituição,,
488,66,166,14,Substituição,,
489,66,357,14,Substituição,,
490,66,365,15,Entrou,,
491,66,196,15,Entrou,,
492,66,169,14,Entrou,,
493,66,352,14,Entrou,,
494,67,32,3,Substituição,,
495,67,33,3,Substituição,,
496,67,34,3,Gol,Normal,9
497,67,34,3,Gol,Normal,71
498,67,21,2,Gol,Normal,61
499,67,26,3,Entrou,,
500,67,335,3,Entrou,,
501,68,3,1,Substituição,,
502,68,257,1,Substituição,,
503,68,58,5,Gol,Normal,8
504,68,340,5,Substituição,,
505,68,306,5,Substituição,,
506,68,288,1,Entrou,,
507,68,10,1,Entrou,,
508,68,361,5,Entrou,,
509,68,57,5,Entrou,,
510,69,116,10,Assistência,,32
511,69,256,10,Gol,Normal,32
512,69,256,10,Substituição,,
513,69,141,12,Gol,Normal,44
514,69,141,12,Substituição,,
515,69,119,10,Entrou,,
516,69,149,12,Entrou,,
517,70,121,9,Substituição,,
518,70,105,9,Substituição,,
519,70,62,6,Substituição,,
520,70,324,6,Substituição,,
521,70,69,6,Gol,Normal,67
522,70,325,6,Gol,Normal,57
523,70,325,6,Gol,Normal,59
524,70,106,9,Entrou,,
525,70,107,9,Entrou,,
526,70,368,6,Entrou,,
527,70,353,6,Entrou,,
528,71,284,11,Gol,Normal,17
529,71,284,11,Substituição,,
530,71,369,4,Gol,Normal,60
531,71,369,4,Substituição,,
532,71,363,4,Substituição,,
533,71,133,11,Entrou,,
534,71,370,4,Entrou,,
535,71,46,4,Entrou,,
536,72,156,13,Substituição,,
537,72,372,13,Substituição,,
538,72,91,8,Gol,Normal,57
539,72,94,8,Gol,Normal,71
540,72,321,13,Entrou,,
541,72,321,13,Gol,Normal,85
542,72,351,13,Entrou,,
543,72,351,13,Gol,Normal,73
544,73,231,19,Substituição,,
545,73,232,19,Gol,Normal,57
546,73,232,19,Gol,Normal,80
547,73,235,19,Substituição,,
548,73,207,17,Gol,Normal,39
549,73,292,17,Substituição,,
550,73,313,17,Substituição,,
551,73,230,19,Entrou,,
552,73,301,19,Entrou,,
553,73,312,17,Entrou,,
554,73,291,17,Entrou,,
555,74,212,18,Substituição,,
556,74,349,18,Substituição,,
557,74,220,18,Gol,Normal,90
558,74,322,15,Substituição,,
559,74,196,15,Substituição,,
560,74,374,18,Entrou,,
561,74,224,18,Entrou,,
562,74,375,15,Entrou,,
563,74,182,15,Entrou,,
564,75,324,6,Substituição,,
565,75,68,6,Gol,Normal,80
566,75,69,6,Gol,Normal,41
567,75,325,6,Substituição,,
568,75,376,3,Substituição,,
569,75,377,3,Substituição,,
570,75,353,6,Entrou,,
571,75,344,6,Entrou,,
572,75,335,3,Entrou,,
573,75,378,3,Entrou,,
574,76,379,17,Substituição,,
575,76,263,17,Substituição,,
576,76,172,13,Substituição,,
577,76,260,17,Entrou,,
578,76,312,17,Entrou,,
579,76,156,13,Entrou,,
580,77,80,7,Gol,Normal,22
581,77,80,7,Gol,Normal,80
582,77,270,7,Substituição,,
583,77,290,7,Gol,Normal,6
584,77,195,16,Substituição,,
585,77,193,16,Substituição,,
586,77,194,16,Gol,Normal,26
587,77,194,16,Gol,Normal,67
588,77,84,7,Entrou,,
589,77,268,16,Entrou,,
590,77,380,16,Entrou,,
591,78,89,8,Substituição,,
592,78,91,8,Gol,Normal,36
593,78,92,8,Substituição,,
594,78,94,8,Gol,Normal,6
595,78,232,19,Gol,Normal,43
596,78,230,19,Substituição,,
597,78,300,19,Gol,Normal,63
598,78,234,19,Substituição,,
599,78,381,8,Entrou,,
600,78,346,8,Entrou,,
601,78,231,19,Entrou,,
602,78,301,19,Entrou,,
603,78,301,19,Gol,Normal,81
604,79,279,5,Substituição,,
605,79,54,5,Gol,Normal,4
606,79,58,5,Gol,Normal,9
607,79,306,5,Substituição,,
608,79,282,11,Gol,Normal,51
609,79,382,11,Substituição,,
610,79,361,5,Entrou,,
611,79,57,5,Entrou,,
612,79,129,11,Entrou,,
613,80,17,2,Gol,Normal,31
614,80,17,2,Substituição,,
615,80,24,2,Substituição,,
616,80,21,2,Gol,Normal,62
617,80,22,2,Gol,Normal,41
618,80,39,4,Substituição,,
619,80,41,4,Substituição,,
620,80,19,2,Entrou,,
621,80,384,2,Entrou,,
622,80,362,4,Entrou,,
623,80,44,4,Entrou,,
624,81,91,8,Gol,Normal,82
625,81,95,8,Substituição,,
626,81,212,18,Substituição,,
627,81,223,18,Substituição,,
628,81,385,8,Entrou,,
629,81,374,18,Entrou,,
630,81,221,18,Entrou,,
631,82,228,19,Substituição,,
632,82,230,19,Substituição,,
633,82,196,15,Gol,Normal,11
634,82,386,19,Entrou,,
635,82,301,19,Entrou,,
636,83,379,17,Substituição,,
637,83,210,17,Substituição,,
638,83,209,17,Entrou,,
639,83,292,17,Entrou,,
640,84,168,14,Substituição,,
641,84,308,14,Substituição,,
642,84,244,20,Gol,Normal,15
643,84,249,20,Substituição,,
644,84,164,14,Entrou,,
645,84,297,14,Entrou,,
646,84,331,20,Entrou,,
647,85,270,7,Gol,Normal,38
648,85,270,7,Substituição,,
649,85,80,7,Gol,Normal,49
650,85,151,13,Gol,Normal,41
651,85,157,13,Substituição,,
652,85,351,13,Gol,Normal,88
653,85,84,7,Entrou,,
654,85,321,13,Entrou,,
655,86,287,9,Gol,Normal,35
656,86,101,9,Substituição,,
657,86,107,9,Substituição,,
658,86,341,4,Substituição,,
659,86,363,4,Substituição,,
660,86,106,9,Entrou,,
661,86,289,9,Entrou,,
662,86,47,4,Entrou,,
663,86,272,4,Entrou,,
664,87,256,10,Gol,Normal,8
665,87,24,2,Substituição,,
666,87,19,2,Entrou,,
667,88,259,12,Substituição,,
668,88,144,12,Substituição,,
669,88,257,1,Substituição,,
670,88,339,1,Substituição,,
671,88,141,12,Entrou,,
672,88,390,12,Entrou,,
673,88,391,1,Entrou,,
674,88,10,1,Entrou,,
675,89,33,3,Substituição,,
676,89,34,3,Gol,Normal,35
677,89,34,3,Gol,Normal,89
678,89,279,5,Substituição,,
679,89,54,5,Gol,Normal,38
680,89,54,5,Gol,Normal,83
681,89,306,5,Substituição,,
682,89,378,3,Entrou,,
683,89,361,5,Entrou,,
684,89,57,5,Entrou,,
685,90,132,11,Gol,Normal,27
686,90,132,11,Gol,Normal,63
687,90,273,6,Substituição,,
688,90,68,6,Substituição,,
689,90,344,6,Gol,Normal,76
690,90,63,6,Entrou,,
691,90,324,6,Entrou,,
692,91,355,2,Substituição,,
693,91,24,2,Substituição,,
694,91,380,16,Substituição,,
695,91,393,2,Entrou,,
696,91,384,2,Entrou,,
697,91,302,16,Entrou,,
698,92,104,9,Substituição,,
699,92,360,9,Substituição,,
700,92,91,8,Gol,Normal,44
701,92,91,8,Substituição,,
702,92,106,9,Entrou,,
703,92,252,9,Entrou,,
704,92,394,8,Entrou,,
705,93,223,18,Substituição,,
706,93,282,11,Substituição,,
707,93,221,18,Entrou,,
708,93,129,11,Entrou,,
709,94,176,15,Gol,Normal,90+1
710,94,177,15,Substituição,,
711,94,196,15,Substituição,,
712,94,256,10,Gol,Normal,16
713,94,118,10,Gol,Normal,28
714,94,342,10,Substituição,,
715,94,299,15,Entrou,,
716,94,323,15,Entrou,,
717,94,395,10,Entrou,,
718,95,270,7,Substituição,,
719,95,306,5,Substituição,,
720,95,84,7,Entrou,,
721,95,57,5,Entrou,,
722,96,231,19,Cartão Vermelho,,
723,96,231,19,Substituição,,
724,96,232,19,Gol,Normal,24
725,96,235,19,Gol,Normal,80
726,96,145,12,Substituição,,
727,96,234,19,Entrou,,
728,96,397,12,Entrou,,
729,97,245,20,Substituição,,
730,97,250,20,Substituição,,
731,97,11,1,Substituição,,
732,97,331,20,Entrou,,
733,97,241,20,Entrou,,
734,97,347,1,Entrou,,
735,98,166,14,Substituição,,
736,98,167,14,Substituição,,
737,98,324,6,Substituição,,
738,98,297,14,Entrou,,
739,98,308,14,Entrou,,
740,98,70,6,Entrou,,
741,99,318,13,Substituição,,
742,99,351,13,Substituição,,
743,99,43,4,Substituição,,
744,99,272,4,Substituição,,
745,99,156,13,Entrou,,
746,99,321,13,Entrou,,
747,99,321,13,Gol,Normal,76
748,99,370,4,Entrou,,
749,99,45,4,Entrou,,
750,100,263,17,Substituição,,
751,100,28,3,Gol,Normal,18
752,100,335,3,Substituição,,
753,100,34,3,Gol,Normal,12
754,100,260,17,Entrou,,
755,100,338,3,Entrou,,
756,101,94,8,Substituição,,
757,101,30,3,Substituição,,
758,101,335,3,Substituição,,
759,101,394,8,Entrou,,
760,101,402,3,Entrou,,
761,101,338,3,Entrou,,
762,102,113,10,Gol,Normal,63
763,102,116,10,Substituição,,
764,102,314,19,Substituição,,
765,102,300,19,Gol,Normal,6
766,102,119,10,Entrou,,
767,102,309,19,Entrou,,
768,103,400,3,Gol,Normal,
769,103,30,3,Gol,Normal,38
770,103,335,3,Substituição,,
771,103,276,3,Gol,Normal,6
772,103,269,7,Gol,Normal,56
773,103,270,7,Substituição,,
774,103,82,7,Substituição,,
775,103,338,3,Entrou,,
776,103,293,7,Entrou,,
777,103,405,7,Entrou,,
778,104,142,12,Gol,Normal,22
779,104,206,17,Substituição,,
780,104,205,17,Substituição,,
781,104,207,17,Entrou,,
782,104,263,17,Entrou,,
783,105,194,16,Substituição,,
784,105,193,16,Substituição,,
785,105,273,6,Substituição,,
786,105,324,6,Substituição,,
787,105,70,6,Gol,Normal,55
788,105,70,6,Gol,Normal,77
789,105,325,6,Gol,Normal,75
790,105,268,16,Entrou,,
791,105,198,16,Entrou,,
792,105,63,6,Entrou,,
793,105,66,6,Entrou,,
794,106,107,9,Substituição,,
795,106,349,18,Substituição,,
796,106,223,18,Gol,Normal,87
797,106,360,9,Entrou,,
798,106,221,18,Entrou,,
799,107,42,4,Gol,Normal,77
800,107,348,4,Substituição,,
801,107,48,4,Substituição,,
802,107,184,15,Substituição,,
803,107,319,15,Gol,Normal,43
804,107,183,15,Gol,Normal,70
805,107,183,15,Substituição,,
806,107,370,4,Entrou,,
807,107,363,4,Entrou,,
808,107,196,15,Entrou,,
809,107,323,15,Entrou,,
810,108,152,13,Substituição,,
811,108,160,13,Substituição,,
812,108,14,2,Cartão Vermelho,,
813,108,21,2,Gol,Normal,58
814,108,21,2,Substituição,,
815,108,408,13,Entrou,,
816,108,156,13,Entrou,,
817,108,156,13,Gol,Normal,90
818,108,280,2,Entrou,,
819,109,162,14,Substituição,,
820,109,340,5,Substituição,,
821,109,306,5,Substituição,,
822,109,163,14,Entrou,,
823,109,56,5,Entrou,,
824,109,57,5,Entrou,,
825,110,411,1,Gol,Normal,40
826,110,411,1,Substituição,,
827,110,93,8,Substituição,,
828,110,94,8,Gol,Normal,68
829,110,339,1,Entrou,,
830,110,394,8,Entrou,,
831,110,394,8,Gol,Normal,70
832,111,131,11,Substituição,,
833,111,282,11,Gol,Normal,3
834,111,282,11,Cartão Vermelho,,
835,111,310,11,Substituição,,
836,111,331,20,Substituição,,
837,111,243,20,Gol,Normal,14
838,111,250,20,Substituição,,
839,111,412,11,Entrou,,
840,111,284,11,Entrou,,
841,111,241,20,Entrou,,
842,111,413,20,Entrou,,
843,112,61,6,Cartão Vermelho,,
844,112,324,6,Gol,Normal,71
845,112,324,6,Substituição,,
846,112,325,6,Substituição,,
847,112,70,6,Gol,Normal,30
848,112,241,20,Substituição,,
849,112,245,20,Gol,Normal,5
850,112,250,20,Substituição,,
851,112,368,6,Entrou,,
852,112,344,6,Entrou,,
853,112,331,20,Entrou,,
854,112,413,20,Entrou,,
855,113,151,13,Substituição,,
856,113,160,13,Substituição,,
857,113,351,13,Gol,Normal,51
858,113,351,13,Gol,Normal,68
859,113,67,6,Substituição,,
860,113,415,13,Entrou,,
861,113,156,13,Entrou,,
862,113,69,6,Entrou,,
863,114,381,8,Gol,Normal,
864,114,91,8,Gol,Normal,74
865,114,92,8,Substituição,,
866,114,94,8,Gol,Normal,59
867,114,95,8,Gol,Normal,40
868,114,41,4,Substituição,,
869,114,370,4,Substituição,,
870,114,346,8,Entrou,,
871,114,43,4,Entrou,,
872,114,48,4,Entrou,,
873,115,260,17,Substituição,,
874,115,313,17,Cartão Vermelho,,
875,115,417,11,Cartão Vermelho,,
876,115,132,11,Gol,Normal,87
877,115,310,11,Substituição,,
878,115,284,11,Substituição,,
879,115,379,17,Entrou,,
880,115,147,11,Entrou,,
881,115,382,11,Entrou,,
882,116,245,20,Substituição,,
883,116,250,20,Substituição,,
884,116,13,2,Substituição,,
885,116,17,2,Gol,Normal,56
886,116,24,2,Substituição,,
887,116,331,20,Entrou,,
888,116,413,20,Entrou,,
889,116,418,2,Entrou,,
890,116,384,2,Entrou,,
891,117,180,15,Gol,Normal,79
892,117,184,15,Substituição,,
893,117,319,15,Gol,Normal,23
894,117,319,15,Gol,Normal,58
895,117,279,5,Substituição,,
896,117,54,5,Gol,Normal,74
897,117,306,5,Substituição,,
898,117,323,15,Entrou,,
899,117,56,5,Entrou,,
900,117,57,5,Entrou,,
901,118,116,10,Substituição,,
902,118,349,18,Substituição,,
903,118,119,10,Entrou,,
904,118,420,18,Entrou,,
905,119,141,12,Gol,Normal,10
906,119,144,12,Substituição,,
907,119,302,16,Substituição,,
908,119,397,12,Entrou,,
909,119,199,16,Entrou,,
910,120,301,19,Gol,Normal,65
911,120,30,3,Substituição,,
912,120,335,3,Substituição,,
913,120,423,3,Entrou,,
914,120,338,3,Entrou,,
915,121,104,9,Substituição,,
916,121,105,9,Substituição,,
917,121,166,14,Substituição,,
918,121,297,14,Gol,Normal,13
919,121,170,14,Substituição,,
920,121,424,9,Entrou,,
921,121,360,9,Entrou,,
922,121,173,14,Entrou,,
923,121,308,14,Entrou,,
924,122,7,1,Gol,Normal,15
925,122,7,1,Gol,Normal,89
926,122,270,7,Substituição,,
927,122,82,7,Substituição,,
928,122,293,7,Entrou,,
929,122,84,7,Entrou,,
930,123,412,11,Substituição,,
931,123,310,11,Gol,Normal,15
932,123,382,11,Substituição,,
933,123,156,13,Substituição,,
934,123,159,13,Substituição,,
935,123,132,11,Entrou,,
936,123,147,11,Entrou,,
937,123,321,13,Entrou,,
938,123,318,13,Entrou,,
939,123,318,13,Gol,Normal,71
940,124,388,7,Gol,Normal,
941,124,270,7,Substituição,,
942,124,290,7,Gol,Normal,48
943,124,259,12,Substituição,,
944,124,141,12,Substituição,,
945,124,84,7,Entrou,,
946,124,397,12,Entrou,,
947,124,427,12,Entrou,,
948,125,364,18,Substituição,,
949,125,428,18,Substituição,,
950,125,223,18,Gol,Normal,81
951,125,221,18,Gol,Normal,65
952,125,41,4,Substituição,,
953,125,303,4,Substituição,,
954,125,213,18,Entrou,,
955,125,349,18,Entrou,,
956,125,43,4,Entrou,,
957,125,44,4,Entrou,,
958,126,41,4,Substituição,,
959,126,47,4,Substituição,,
960,126,96,7,Substituição,,
961,126,290,7,Substituição,,
962,126,43,4,Entrou,,
963,126,429,4,Entrou,,
964,126,430,7,Entrou,,
965,126,270,7,Entrou,,
966,127,59,5,Gol,Normal,30
967,127,94,8,Substituição,,
968,127,394,8,Entrou,,
969,128,106,9,Substituição,,
970,128,367,9,Substituição,,
971,128,177,15,Substituição,,
972,128,175,15,Substituição,,
973,128,183,15,Gol,Normal,20
974,128,183,15,Gol,Normal,90
975,128,107,9,Entrou,,
976,128,289,9,Entrou,,
977,128,431,15,Entrou,,
978,128,432,15,Entrou,,
979,129,166,14,Substituição,,
980,129,357,14,Substituição,,
981,129,256,10,Substituição,,
982,129,118,10,Substituição,,
983,129,164,14,Entrou,,
984,129,308,14,Entrou,,
985,129,308,14,Gol,Normal,74
986,129,119,10,Entrou,,
987,129,433,10,Entrou,,
988,130,28,3,Gol,Penalti,60
989,130,30,3,Substituição,,
990,130,276,3,Cartão Amarelo,,
991,130,338,3,Substituição,,
992,130,238,20,Cartão Amarelo,,
993,130,239,20,Cartão Amarelo,,
994,130,249,20,Substituição,,
995,130,356,20,Gol,Normal,22
996,130,423,3,Entrou,,
997,130,335,3,Entrou,,
998,130,242,20,Entrou,,
999,131,207,17,Substituição,,
1000,131,406,17,Substituição,,
1001,131,407,2,Substituição,,
1002,131,205,17,Entrou,,
1003,131,292,17,Entrou,,
1004,131,251,2,Entrou,,
1005,132,434,12,Gol,Normal,45
1006,132,434,12,Substituição,,
1007,132,220,18,Substituição,,
1008,132,397,12,Entrou,,
1009,132,435,18,Entrou,,
1010,133,125,11,Substituição,,
1011,133,282,11,Substituição,,
1012,133,193,16,Gol,Normal,60
1013,133,147,11,Entrou,,
1014,133,310,11,Entrou,,
1015,134,9,1,Gol,Normal,40
1016,134,410,1,Substituição,,
1017,134,158,13,Gol,Normal,12
1018,134,351,13,Substituição,,
1019,134,10,1,Entrou,,
1020,134,156,13,Entrou,,
1021,135,300,19,Gol,Normal,28
1022,135,301,19,Gol,Normal,36
1023,135,60,6,Substituição,,
1024,135,65,6,Gol,Normal,69
1025,135,324,6,Substituição,,
1026,135,436,6,Entrou,,
1027,135,69,6,Entrou,,
1028,136,399,4,Substituição,,
1029,136,41,4,Gol,Normal,74
1030,136,47,4,Substituição,,
1031,136,48,4,Gol,Normal,12
1032,136,48,4,Cartão Vermelho,,
1033,136,369,4,Cartão Vermelho,,
1034,136,225,19,Cartão Vermelho,,
1035,136,226,19,Cartão Vermelho,,
1036,136,233,19,Substituição,,
1037,136,232,19,Substituição,,
1038,136,40,4,Entrou,,
1039,136,43,4,Entrou,,
1040,136,437,19,Entrou,,
1041,136,227,19,Entrou,,
1042,137,112,10,Gol,Normal,60
1043,137,123,10,Substituição,,
1044,137,433,10,Substituição,,
1045,137,198,16,Substituição,,
1046,137,302,16,Substituição,,
1047,137,119,10,Entrou,,
1048,137,350,10,Entrou,,
1049,137,191,16,Entrou,,
1050,137,195,16,Entrou,,
1051,138,296,14,Gol,Normal,53
1052,138,166,14,Gol,Normal,82
1053,138,357,14,Substituição,,
1054,138,173,14,Substituição,,
1055,138,338,3,Substituição,,
1056,138,164,14,Entrou,,
1057,138,308,14,Entrou,,
1058,138,377,3,Entrou,,
1059,139,21,2,Gol,Normal,28
1060,139,21,2,Substituição,,
1061,139,355,2,Entrou,,
1062,140,96,7,Substituição,,
1063,140,80,7,Gol,Normal,52
1064,140,290,7,Substituição,,
1065,140,116,10,Gol,Normal,12
1066,140,116,10,Substituição,,
1067,140,293,7,Entrou,,
1068,140,84,7,Entrou,,
1069,140,119,10,Entrou,,
1070,141,157,13,Substituição,,
1071,141,351,13,Gol,Normal,70
1072,141,159,13,Substituição,,
1073,141,141,12,Substituição,,
1074,141,143,12,Substituição,,
1075,141,156,13,Entrou,,
1076,141,321,13,Entrou,,
1077,141,390,12,Entrou,,
1078,141,434,12,Entrou,,
1079,142,412,11,Gol,Normal,70
1080,142,147,11,Gol,Normal,74
1081,142,132,11,Substituição,,
1082,142,91,8,Substituição,,
1083,142,94,8,Substituição,,
1084,142,284,11,Entrou,,
1085,142,394,8,Entrou,,
1086,142,385,8,Entrou,,
1087,143,212,18,Substituição,,
1088,143,214,18,Substituição,,
1089,143,219,18,Gol,Normal,57
1090,143,221,18,Gol,Normal,61
1091,143,67,6,Gol,Normal,42
1092,143,68,6,Substituição,,
1093,143,324,6,Substituição,,
1094,143,344,6,Gol,Normal,8
1095,143,271,18,Entrou,,
1096,143,213,18,Entrou,,
1097,143,353,6,Entrou,,
1098,143,69,6,Entrou,,
1099,144,232,19,Substituição,,
1100,144,300,19,Gol,Normal,9
1101,144,301,19,Substituição,,
1102,144,9,1,Substituição,,
1103,144,438,1,Substituição,,
1104,144,404,19,Entrou,,
1105,144,230,19,Entrou,,
1106,144,230,19,Gol,Normal,88
1107,144,337,1,Entrou,,
1108,144,10,1,Entrou,,
1109,145,239,20,Gol,Normal,29
1110,145,242,20,Substituição,,
1111,145,246,20,Gol,Normal,44
1112,145,246,20,Gol,Normal,53
1113,145,246,20,Substituição,,
1114,145,356,20,Gol,Normal,35
1115,145,100,9,Substituição,,
1116,145,252,9,Gol,Normal,3
1117,145,413,20,Entrou,,
1118,145,245,20,Entrou,,
1119,145,245,20,Gol,Normal,85
1120,145,99,9,Entrou,,
1121,146,207,17,Substituição,,
1122,146,208,17,Gol,Normal,56
1123,146,359,5,Cartão Vermelho,,
1124,146,54,5,Substituição,,
1125,146,340,5,Cartão Vermelho,,
1126,146,209,17,Entrou,,
1127,146,361,5,Entrou,,
1128,147,327,9,Gol,Normal,
1129,147,108,9,Gol,Normal,76
1130,147,108,9,Substituição,,
1131,147,107,9,Gol,Normal,54
1132,147,231,19,Substituição,,
1133,147,301,19,Substituição,,
1134,147,367,9,Entrou,,
1135,147,230,19,Entrou,,
1136,147,234,19,Entrou,,
1137,148,8,1,Substituição,,
1138,148,411,1,Gol,Normal,15
1139,148,411,1,Gol,Normal,44
1140,148,411,1,Gol,Normal,47
1141,148,207,17,Substituição,,
1142,148,208,17,Gol,Normal,77
1143,148,391,1,Entrou,,
1144,148,291,17,Entrou,,
1145,149,125,11,Substituição,,
1146,149,132,11,Substituição,,
1147,149,147,11,Gol,Normal,62
1148,149,134,11,Cartão Vermelho,,
1149,149,177,15,Cartão Vermelho,,
1150,149,176,15,Gol,Normal,65
1151,149,322,15,Substituição,,
1152,149,196,15,Substituição,,
1153,149,310,11,Entrou,,
1154,149,328,11,Entrou,,
1155,149,178,15,Entrou,,
1156,149,323,15,Entrou,,
1157,150,28,3,Substituição,,
1158,150,335,3,Gol,Normal,89
1159,150,33,3,Gol,Normal,2
1160,150,34,3,Gol,Normal,17
1161,150,34,3,Substituição,,
1162,150,276,3,Gol,Normal,50
1163,150,276,3,Gol,Normal,75
1164,150,268,16,Substituição,,
1165,150,302,16,Gol,Normal,79
1166,150,193,16,Substituição,,
1167,150,275,3,Entrou,,
1168,150,378,3,Entrou,,
1169,150,380,16,Entrou,,
1170,150,199,16,Entrou,,
1171,151,160,13,Substituição,,
1172,151,351,13,Substituição,,
1173,151,156,13,Entrou,,
1174,151,321,13,Entrou,,
1175,152,113,10,Cartão Vermelho,,
1176,152,112,10,Substituição,,
1177,152,116,10,Substituição,,
1178,152,87,8,Gol,Normal,53
1179,152,346,8,Cartão Vermelho,,
1180,152,394,8,Substituição,,
1181,152,94,8,Gol,Normal,9
1182,152,95,8,Gol,Normal,73
1183,152,433,10,Entrou,,
1184,152,119,10,Entrou,,
1185,152,119,10,Gol,Normal,85
1186,152,441,8,Entrou,,
1187,153,142,12,Substituição,,
1188,153,145,12,Substituição,,
1189,153,442,12,Gol,Normal,33
1190,153,357,14,Substituição,,
1191,153,297,14,Substituição,,
1192,153,140,12,Entrou,,
1193,153,144,12,Entrou,,
1194,153,443,14,Entrou,,
1195,153,444,14,Entrou,,
1196,154,252,9,Gol,Normal,70
1197,154,252,9,Substituição,,
1198,154,96,7,Substituição,,
1199,154,82,7,Gol,Normal,66
1200,154,367,9,Entrou,,
1201,154,445,7,Entrou,,
1202,155,312,17,Substituição,,
1203,155,406,17,Substituição,,
1204,155,65,6,Substituição,,
1205,155,325,6,Substituição,,
1206,155,344,6,Gol,Normal,70
1207,155,205,17,Entrou,,
1208,155,209,17,Entrou,,
1209,155,368,6,Entrou,,
1210,155,69,6,Entrou,,
1211,156,447,4,Substituição,,
1212,156,429,4,Entrou,,
1213,157,407,2,Gol,Normal,59
1214,157,24,2,Gol,Normal,71
1215,157,21,2,Substituição,,
1216,157,221,18,Substituição,,
1217,157,393,2,Entrou,,
1218,157,420,18,Entrou,,
1219,158,186,16,Substituição,,
1220,158,194,16,Gol,Normal,60
1221,158,199,16,Gol,Normal,21
1222,158,199,16,Gol,Normal,83
1223,158,57,5,Gol,Normal,31
1224,158,340,5,Substituição,,
1225,158,72,5,Substituição,,
1226,158,449,16,Entrou,,
1227,158,361,5,Entrou,,
1228,158,306,5,Entrou,,
1229,159,300,19,Gol,Normal,18
1230,159,301,19,Substituição,,
1231,159,230,19,Entrou,,
1232,160,166,14,Substituição,,
1233,160,357,14,Substituição,,
1234,160,41,4,Substituição,,
1235,160,443,14,Entrou,,
1236,160,308,14,Entrou,,
1237,160,272,4,Entrou,,
1238,161,89,8,Substituição,,
1239,161,91,8,Gol,Normal,90
1240,161,95,8,Substituição,,
1241,161,21,2,Substituição,,
1242,161,20,2,Gol,Normal,28
1243,161,381,8,Entrou,,
1244,161,385,8,Entrou,,
1245,161,393,2,Entrou,,
1246,162,430,7,Substituição,,
1247,162,405,7,Substituição,,
1248,162,282,11,Gol,Normal,11
1249,162,284,11,Gol,Normal,33
1250,162,284,11,Substituição,,
1251,162,293,7,Entrou,,
1252,162,270,7,Entrou,,
1253,162,310,11,Entrou,,
1254,163,330,20,Substituição,,
1255,163,246,20,Gol,Normal,2
1256,163,246,20,Gol,Normal,51
1257,163,142,12,Substituição,,
1258,163,144,12,Gol,Normal,63
1259,163,145,12,Substituição,,
1260,163,245,20,Entrou,,
1261,163,259,12,Entrou,,
1262,163,434,12,Entrou,,
1263,164,68,6,Substituição,,
1264,164,344,6,Gol,Normal,50
1265,164,344,6,Gol,Normal,68
1266,164,325,6,Substituição,,
1267,164,319,15,Substituição,,
1268,164,182,15,Substituição,,
1269,164,324,6,Entrou,,
1270,164,69,6,Entrou,,
1271,164,322,15,Entrou,,
1272,164,323,15,Entrou,,
1273,165,292,17,Substituição,,
1274,165,263,17,Substituição,,
1275,165,116,10,Substituição,,
1276,165,117,10,Substituição,,
1277,165,452,10,Gol,Normal,86
1278,165,207,17,Entrou,,
1279,165,291,17,Entrou,,
1280,165,119,10,Entrou,,
1281,165,433,10,Entrou,,
1282,166,438,1,Substituição,,
1283,166,295,14,Substituição,,
1284,166,308,14,Substituição,,
1285,166,257,1,Entrou,,
1286,166,164,14,Entrou,,
1287,166,166,14,Entrou,,
1288,167,219,18,Gol,Normal,36
1289,167,221,18,Substituição,,
1290,167,52,5,Cartão Vermelho,,
1291,167,453,5,Cartão Vermelho,,
1292,167,54,5,Substituição,,
1293,167,340,5,Substituição,,
1294,167,349,18,Entrou,,
1295,167,359,5,Entrou,,
1296,167,57,5,Entrou,,
1297,168,327,9,Substituição,,
1298,168,367,9,Substituição,,
1299,168,194,16,Substituição,,
1300,168,454,9,Entrou,,
1301,168,253,9,Entrou,,
1302,168,455,16,Entrou,,
1303,169,28,3,Substituição,,
1304,169,335,3,Substituição,,
1305,169,377,3,Gol,Normal,57
1306,169,34,3,Gol,Normal,25
1307,169,34,3,Gol,Normal,80
1308,169,158,13,Gol,Normal,46
1309,169,372,13,Substituição,,
1310,169,275,3,Entrou,,
1311,169,30,3,Entrou,,
1312,169,321,13,Entrou,,
1313,170,285,13,Gol,Normal,25
1314,170,160,13,Gol,Normal,41
1315,170,351,13,Substituição,,
1316,170,327,9,Substituição,,
1317,170,121,9,Substituição,,
1318,170,252,9,Gol,Normal,62
1319,170,156,13,Entrou,,
1320,170,454,9,Entrou,,
1321,170,424,9,Entrou,,
1322,171,219,18,Substituição,,
1323,171,221,18,Substituição,,
1324,171,377,3,Substituição,,
1325,171,349,18,Entrou,,
1326,171,224,18,Entrou,,
1327,171,456,3,Entrou,,
1328,172,126,11,Gol,Normal,
1329,172,282,11,Gol,Normal,11
1330,172,282,11,Gol,Normal,64
1331,172,284,11,Substituição,,
1332,172,297,14,Substituição,,
1333,172,308,14,Substituição,,
1334,172,132,11,Entrou,,
1335,172,166,14,Entrou,,
1336,172,444,14,Entrou,,
1337,173,441,8,Substituição,,
1338,173,401,8,Substituição,,
1339,173,94,8,Gol,Normal,86
1340,173,94,8,Gol,Normal,88
1341,173,68,6,Substituição,,
1342,173,325,6,Gol,Normal,52
1343,173,346,8,Entrou,,
1344,173,346,8,Gol,Normal,83
1345,173,457,8,Entrou,,
1346,173,353,6,Entrou,,
1347,174,451,10,Substituição,,
1348,174,452,10,Substituição,,
1349,174,356,20,Substituição,,
1350,174,109,10,Entrou,,
1351,174,350,10,Entrou,,
1352,174,242,20,Entrou,,
1353,175,290,7,Substituição,,
1354,175,83,7,Substituição,,
1355,175,355,2,Gol,Normal,26
1356,175,355,2,Substituição,,
1357,175,293,7,Entrou,,
1358,175,82,7,Entrou,,
1359,175,393,2,Entrou,,
1360,176,259,12,Cartão Vermelho,,
1361,176,143,12,Substituição,,
1362,176,144,12,Substituição,,
1363,176,299,15,Cartão Vermelho,,
1364,176,179,15,Cartão Vermelho,,
1365,176,184,15,Substituição,,
1366,176,183,15,Substituição,,
1367,176,323,15,Gol,Normal,38
1368,176,142,12,Entrou,,
1369,176,397,12,Entrou,,
1370,176,375,15,Entrou,,
1371,176,196,15,Entrou,,
1372,177,9,1,Gol,Normal,28
1373,177,411,1,Substituição,,
1374,177,193,16,Substituição,,
1375,177,194,16,Substituição,,
1376,177,10,1,Entrou,,
1377,177,267,16,Entrou,,
1378,177,455,16,Entrou,,
1379,178,231,19,Substituição,,
1380,178,301,19,Substituição,,
1381,178,230,19,Entrou,,
1382,178,234,19,Entrou,,
1383,179,42,4,Substituição,,
1384,179,370,4,Substituição,,
1385,179,45,4,Gol,Normal,3
1386,179,45,4,Gol,Normal,79
1387,179,207,17,Substituição,,
1388,179,263,17,Substituição,,
1389,179,463,4,Entrou,,
1390,179,48,4,Entrou,,
1391,179,206,17,Entrou,,
1392,179,291,17,Entrou,,
1393,180,375,15,Substituição,,
1394,180,465,15,Entrou,,
1395,181,164,14,Gol,Normal,38
1396,181,169,14,Substituição,,
1397,181,173,14,Substituição,,
1398,181,352,14,Gol,Normal,61
1399,181,352,14,Gol,Normal,70
1400,181,355,2,Substituição,,
1401,181,443,14,Entrou,,
1402,181,308,14,Entrou,,
1403,181,21,2,Entrou,,
1404,181,21,2,Gol,Normal,86
1405,182,194,16,Gol,Normal,25
1406,182,194,16,Substituição,,
1407,182,40,4,Substituição,,
1408,182,455,16,Entrou,,
1409,182,399,4,Entrou,,
1410,183,155,13,Substituição,,
1411,183,158,13,Gol,Normal,45
1412,183,158,13,Gol,Normal,88
1413,183,160,13,Gol,Normal,80
1414,183,469,13,Substituição,,
1415,183,148,10,Substituição,,
1416,183,256,10,Substituição,,
1417,183,157,13,Entrou,,
1418,183,321,13,Entrou,,
1419,183,433,10,Entrou,,
1420,183,459,10,Entrou,,
1421,184,228,19,Gol,Normal,61
1422,184,301,19,Substituição,,
1423,184,126,11,Gol,Gol Contra,86
1424,184,129,11,Substituição,,
1425,184,247,19,Entrou,,
1426,184,382,11,Entrou,,
1427,185,91,8,Gol,Normal,34
1428,185,441,8,Substituição,,
1429,185,401,8,Substituição,,
1430,185,141,12,Substituição,,
1431,185,142,12,Substituição,,
1432,185,143,12,Gol,Normal,55
1433,185,346,8,Entrou,,
1434,185,457,8,Entrou,,
1435,185,427,12,Entrou,,
1436,185,145,12,Entrou,,
1437,186,276,3,Substituição,,
1438,186,179,15,Substituição,,
1439,186,184,15,Substituição,,
1440,186,378,3,Entrou,,
1441,186,196,15,Entrou,,
1442,186,323,15,Entrou,,
1443,187,23,1,Gol,Normal,14
1444,187,271,18,Substituição,,
1445,187,473,18,Substituição,,
1446,187,212,18,Entrou,,
1447,187,474,18,Entrou,,
1448,188,461,5,Substituição,,
1449,188,453,5,Gol,Normal,54
1450,188,54,5,Gol,Normal,52
1451,188,244,20,Gol,Normal,48
1452,188,413,20,Gol,Normal,25
1453,188,356,20,Substituição,,
1454,188,361,5,Entrou,,
1455,188,242,20,Entrou,,
1456,189,207,17,Substituição,,
1457,189,208,17,Substituição,,
1458,189,102,9,Gol,Gol Contra,63
1459,189,252,9,Gol,Normal,43
1460,189,107,9,Gol,Normal,88
1461,189,291,17,Entrou,,
1462,189,475,17,Entrou,,
1463,190,270,7,Substituição,,
1464,190,82,7,Substituição,,
1465,190,84,7,Cartão Vermelho,,
1466,190,325,6,Substituição,,
1467,190,293,7,Entrou,,
1468,190,83,7,Entrou,,
1469,190,69,6,Entrou,,
1470,191,172,13,Substituição,,
1471,191,160,13,Gol,Normal,15
1472,191,351,13,Substituição,,
1473,191,17,2,Substituição,,
1474,191,24,2,Gol,Normal,52
1475,191,21,2,Substituição,,
1476,191,156,13,Entrou,,
1477,191,321,13,Entrou,,
1478,191,393,2,Entrou,,
1479,191,384,2,Entrou,,
1480,192,319,15,Gol,Normal,77
1481,192,182,15,Substituição,,
1482,192,437,19,Substituição,,
1483,192,231,19,Gol,Normal,90
1484,192,477,19,Substituição,,
1485,192,323,15,Entrou,,
1486,192,225,19,Entrou,,
1487,192,230,19,Entrou,,
1488,193,66,6,Substituição,,
1489,193,476,6,Substituição,,
1490,193,413,20,Substituição,,
1491,193,330,20,Substituição,,
1492,193,398,6,Entrou,,
1493,193,353,6,Entrou,,
1494,193,242,20,Entrou,,
1495,193,356,20,Entrou,,
1496,194,30,3,Gol,Normal,14
1497,194,33,3,Gol,Normal,10
1498,194,474,18,Substituição,,
1499,194,221,18,Entrou,,
1500,194,221,18,Gol,Normal,65
1501,195,427,12,Substituição,,
1502,195,472,12,Gol,Normal,51
1503,195,143,12,Substituição,,
1504,195,59,5,Gol,Normal,25
1505,195,141,12,Entrou,,
1506,195,145,12,Entrou,,
1507,196,282,11,Gol,Normal,41
1508,196,381,8,Substituição,,
1509,196,89,8,Entrou,,
1510,197,239,20,Substituição,,
1511,197,330,20,Substituição,,
1512,197,130,11,Gol,Normal,49
1513,197,130,11,Cartão Vermelho,,
1514,197,132,11,Gol,Normal,89
1515,197,134,11,Substituição,,
1516,197,356,20,Entrou,,
1517,197,245,20,Entrou,,
1518,197,245,20,Cartão Vermelho,,
1519,197,125,11,Entrou,,
1520,198,346,8,Substituição,,
1521,198,92,8,Gol,Normal,65
1522,198,92,8,Substituição,,
1523,198,63,6,Substituição,,
1524,198,441,8,Entrou,,
1525,198,401,8,Entrou,,
1526,198,273,6,Entrou,,
1527,199,361,5,Gol,Normal,71
1528,199,54,5,Gol,Normal,55
1529,199,54,5,Gol,Normal,79
1530,199,180,15,Gol,Normal,64
1531,199,319,15,Gol,Normal,10
1532,199,319,15,Gol,Normal,14
1533,199,196,15,Substituição,,
1534,199,182,15,Substituição,,
1535,199,323,15,Entrou,,
1536,199,465,15,Entrou,,
1537,200,235,19,Substituição,,
1538,200,301,19,Substituição,,
1539,200,442,12,Substituição,,
1540,200,143,12,Gol,Normal,50
1541,200,143,12,Substituição,,
1542,200,230,19,Entrou,,
1543,200,247,19,Entrou,,
1544,200,397,12,Entrou,,
1545,200,481,12,Entrou,,
1546,201,428,18,Substituição,,
1547,201,219,18,Gol,Normal,50
1548,201,435,18,Substituição,,
1549,201,172,13,Substituição,,
1550,201,160,13,Substituição,,
1551,201,474,18,Entrou,,
1552,201,474,18,Gol,Normal,72
1553,201,420,18,Entrou,,
1554,201,156,13,Entrou,,
1555,201,321,13,Entrou,,
1556,202,17,2,Substituição,,
1557,202,21,2,Gol,Normal,57
1558,202,21,2,Substituição,,
1559,202,33,3,Gol,Normal,48
1560,202,377,3,Substituição,,
1561,202,393,2,Entrou,,
1562,202,384,2,Entrou,,
1563,202,384,2,Gol,Normal,87
1564,202,456,3,Entrou,,
1565,203,131,11,Substituição,,
1566,203,282,11,Gol,Normal,60
1567,203,68,6,Substituição,,
1568,203,310,11,Entrou,,
1569,203,324,6,Entrou,,
1570,204,176,15,Gol,Normal,13
1571,204,184,15,Substituição,,
1572,204,196,15,Gol,Normal,54
1573,204,196,15,Substituição,,
1574,204,141,12,Substituição,,
1575,204,145,12,Gol,Normal,53
1576,204,434,12,Substituição,,
1577,204,323,15,Entrou,,
1578,204,323,15,Gol,Normal,90
1579,204,465,15,Entrou,,
1580,204,481,12,Entrou,,
1581,204,397,12,Entrou,,
1582,205,158,13,Gol,Normal,84
1583,205,318,13,Substituição,,
1584,205,351,13,Substituição,,
1585,205,28,3,Gol,Normal,50
1586,205,33,3,Gol,Normal,70
1587,205,377,3,Substituição,,
1588,205,34,3,Gol,Normal,18
1589,205,34,3,Gol,Normal,53
1590,205,156,13,Entrou,,
1591,205,321,13,Entrou,,
1592,205,456,3,Entrou,,
1593,206,301,19,Substituição,,
1594,206,300,19,Gol,Normal,33
1595,206,59,5,Substituição,,
1596,206,230,19,Entrou,,
1597,206,306,5,Entrou,,
1598,207,17,2,Substituição,,
1599,207,21,2,Substituição,,
1600,207,393,2,Entrou,,
1601,207,384,2,Entrou,,
1602,208,244,20,Gol,Normal,21
1603,208,242,20,Substituição,,
1604,208,345,8,Substituição,,
1605,208,346,8,Substituição,,
1606,208,483,20,Entrou,,
1607,208,85,8,Entrou,,
1608,208,457,8,Entrou,,
1609,209,131,11,Substituição,,
1610,209,282,11,Gol,Normal,50
1611,209,238,20,Substituição,,
1612,209,246,20,Gol,Normal,46
1613,209,356,20,Substituição,,
1614,209,125,11,Entrou,,
1615,209,484,20,Entrou,,
1616,209,483,20,Entrou,,
1617,210,63,6,Substituição,,
1618,210,67,6,Gol,Normal,77
1619,210,68,6,Gol,Normal,37
1620,210,325,6,Gol,Normal,39
1621,210,344,6,Substituição,,
1622,210,91,8,Gol,Normal,87
1623,210,394,8,Substituição,,
1624,210,457,8,Substituição,,
1625,210,273,6,Entrou,,
1626,210,69,6,Entrou,,
1627,210,441,8,Entrou,,
1628,210,401,8,Entrou,,
1629,211,285,13,Substituição,,
1630,211,321,13,Gol,Normal,73
1631,211,160,13,Gol,Normal,33
1632,211,160,13,Substituição,,
1633,211,213,18,Gol,Gol Contra,24
1634,211,428,18,Substituição,,
1635,211,435,18,Substituição,,
1636,211,157,13,Entrou,,
1637,211,372,13,Entrou,,
1638,211,218,18,Entrou,,
1639,211,474,18,Entrou,,
1640,212,317,3,Substituição,,
1641,212,28,3,Gol,Normal,16
1642,212,28,3,Gol,Normal,20
1643,212,456,3,Substituição,,
1644,212,487,2,Substituição,,
1645,212,251,2,Cartão Vermelho,,
1646,212,275,3,Entrou,,
1647,212,335,3,Entrou,,
1648,212,16,2,Entrou,,
1649,213,319,15,Substituição,,
1650,213,182,15,Substituição,,
1651,213,461,5,Substituição,,
1652,213,453,5,Gol,Normal,41
1653,213,306,5,Substituição,,
1654,213,183,15,Entrou,,
1655,213,323,15,Entrou,,
1656,213,489,5,Entrou,,
1657,213,462,5,Entrou,,
1658,214,145,12,Gol,Normal,29
1659,214,145,12,Gol,Normal,33
1660,214,232,19,Substituição,,
1661,214,230,19,Entrou,,
1662,215,95,8,Substituição,,
1663,215,132,11,Substituição,,
1664,215,385,8,Entrou,,
1665,215,147,11,Entrou,,
1666,216,212,18,Substituição,,
1667,216,221,18,Gol,Normal,20
1668,216,221,18,Substituição,,
1669,216,26,3,Gol,Normal,26
1670,216,456,3,Substituição,,
1671,216,276,3,Substituição,,
1672,216,271,18,Entrou,,
1673,216,474,18,Entrou,,
1674,216,335,3,Entrou,,
1675,216,378,3,Entrou,,
1676,217,461,5,Substituição,,
1677,217,453,5,Gol,Normal,28
1678,217,453,5,Gol,Normal,81
1679,217,306,5,Substituição,,
1680,217,442,12,Gol,Normal,41
1681,217,489,5,Entrou,,
1682,217,462,5,Entrou,,
1683,217,462,5,Gol,Normal,86
1684,218,184,15,Substituição,,
1685,218,182,15,Substituição,,
1686,218,323,15,Entrou,,
1687,218,465,15,Entrou,,
1688,219,17,2,Substituição,,
1689,219,393,2,Substituição,,
1690,219,156,13,Gol,Normal,25
1691,219,156,13,Substituição,,
1692,219,372,13,Substituição,,
1693,219,490,2,Entrou,,
1694,219,21,2,Entrou,,
1695,219,157,13,Entrou,,
1696,219,159,13,Entrou,,
1697,220,245,20,Substituição,,
1698,220,242,20,Entrou,,
1699,221,146,11,Substituição,,
1700,221,310,11,Gol,Normal,23
1701,221,398,6,Substituição,,
1702,221,325,6,Gol,Normal,8
1703,221,344,6,Substituição,,
1704,221,450,11,Entrou,,
1705,221,61,6,Entrou,,
1706,221,69,6,Entrou,,
1707,222,346,8,Gol,Normal,26
1708,222,394,8,Substituição,,
1709,222,94,8,Gol,Normal,63
1710,222,95,8,Substituição,,
1711,222,242,20,Substituição,,
1712,222,401,8,Entrou,,
1713,222,385,8,Entrou,,
1714,222,493,20,Entrou,,
1715,223,16,2,Substituição,,
1716,223,251,2,Gol,Normal,60
1717,223,19,2,Gol,Normal,54
1718,223,20,2,Substituição,,
1719,223,22,2,Gol,Normal,10
1720,223,22,2,Gol,Normal,32
1721,223,216,18,Substituição,,
1722,223,435,18,Substituição,,
1723,223,488,2,Entrou,,
1724,223,21,2,Entrou,,
1725,223,495,18,Entrou,,
1726,223,474,18,Entrou,,
1727,224,456,3,Substituição,,
1728,224,321,13,Gol,Normal,24
1729,224,159,13,Substituição,,
1730,224,335,3,Entrou,,
1731,224,157,13,Entrou,,
1732,225,427,12,Substituição,,
1733,225,442,12,Substituição,,
1734,225,179,15,Substituição,,
1735,225,196,15,Substituição,,
1736,225,481,12,Entrou,,
1737,225,496,12,Entrou,,
1738,225,178,15,Entrou,,
1739,225,184,15,Entrou,,
1740,226,419,5,Gol,Normal,4
1741,226,461,5,Substituição,,
1742,226,453,5,Gol,Normal,39
1743,226,306,5,Substituição,,
1744,226,301,19,Substituição,,
1745,226,300,19,Substituição,,
1746,226,489,5,Entrou,,
1747,226,489,5,Gol,Normal,81
1748,226,462,5,Entrou,,
1749,226,247,19,Entrou,,
1750,226,477,19,Entrou,,
1751,227,28,3,Gol,Normal,75
1752,227,456,3,Substituição,,
1753,227,276,3,Substituição,,
1754,227,335,3,Entrou,,
1755,227,35,3,Entrou,,
1756,228,146,11,Gol,Normal,61
1757,228,147,11,Substituição,,
1758,228,132,11,Gol,Normal,65
1759,228,132,11,Gol,Normal,86
1760,228,132,11,Assistência,,71
1761,228,282,11,Gol,Normal,71
1762,228,282,11,Assistência,,65
1763,228,282,11,Substituição,,
1764,228,134,11,Assistência,,86
1765,228,461,5,Substituição,,
1766,228,54,5,Substituição,,
1767,228,306,5,Gol,Normal,53
1768,228,125,11,Entrou,,
1769,228,129,11,Entrou,,
1770,228,462,5,Entrou,,
1771,228,59,5,Entrou,,
1772,229,53,5,Cartão Vermelho,,
1773,229,461,5,Substituição,,
1774,229,361,5,Substituição,,
1775,229,56,5,Cartão Vermelho,,
1776,229,32,3,Substituição,,
1777,229,34,3,Gol,Normal,61
1778,229,489,5,Entrou,,
1779,229,462,5,Entrou,,
1780,229,335,3,Entrou,,